Position,Const,Created,Modified,Description,Title,URL,Title Type,IMDb Rating,Runtime (mins),Year,Genres,Num Votes,Release Date,Directors
1,tt3228774,2022-02-14,2022-05-03,"For 2021
[b]Won by [link=nm0064746][/b]",Cruella,https://www.imdb.com/title/tt3228774/,movie,7.3,134,2021,"Adventure, Comedy, Crime, Drama",232536,2021-05-18,Craig Gillespie
2,tt12889404,2022-02-14,2022-02-14,"For 2021
Nominees: [link=nm1964768] and [link=nm0244330]",Cyrano,https://www.imdb.com/title/tt12889404/,movie,6.4,123,2021,"Drama, Musical, Romance",10409,2021-09-02,Joe Wright
3,tt1160419,2022-02-14,2022-02-14,"For 2021
Nominees: [link=nm0922113] and [link=nm0604503]",Dune: Part One,https://www.imdb.com/title/tt1160419/,movie,8.0,155,2021,"Action, Adventure, Drama, Sci-Fi",622727,2021-09-03,Denis Villeneuve
4,tt7740496,2022-02-14,2022-02-14,"For 2021
Nominee: [link=nm0784751]",Nightmare Alley,https://www.imdb.com/title/tt7740496/,movie,7.0,150,2021,"Crime, Drama, Thriller",141212,2021-12-01,Guillermo del Toro
5,tt3581652,2022-02-14,2022-02-14,"For 2021
Nominee: [link=nm3477899]",West Side Story,https://www.imdb.com/title/tt3581652/,movie,7.2,156,2021,"Crime, Drama, Musical, Romance",82176,2021-11-29,Steven Spielberg
6,tt10514222,2022-02-14,2022-02-14,"For 2020
[b]Won by [link=nm0744778][/b]",Ma Rainey's Black Bottom,https://www.imdb.com/title/tt10514222/,movie,6.9,94,2020,"Drama, Music",53669,2020-11-25,George C. Wolfe
7,tt9214832,2022-02-14,2022-02-14,"For 2020
Nominee: [link=nm0126107]",Emma.,https://www.imdb.com/title/tt9214832/,movie,6.7,124,2020,"Comedy, Drama, Romance",54408,2020-02-13,Autumn de Wilde
8,tt10618286,2022-02-14,2022-02-14,"For 2020
Nominee: [link=nm0838844]",Mank,https://www.imdb.com/title/tt10618286/,movie,6.8,131,2020,"Biography, Comedy, Drama",75506,2020-11-13,David Fincher
9,tt4566758,2022-02-14,2022-02-14,"For 2020
Nominee: [link=nm0197257]",Mulan,https://www.imdb.com/title/tt4566758/,movie,5.7,115,2020,"Action, Adventure, Drama, Fantasy",148187,2020-03-09,Niki Caro
10,tt8333746,2022-02-14,2022-02-14,"For 2020
Nominee: [link=nm1964768]",Pinocchio,https://www.imdb.com/title/tt8333746/,movie,6.2,125,2019,"Drama, Family, Fantasy",13174,2019-12-19,Matteo Garrone
11,tt3281548,2020-01-14,2020-02-12,"For 2019
[b]Won by [link=nm0244330][/b]",Little Women,https://www.imdb.com/title/tt3281548/,movie,7.8,135,2019,"Drama, Romance",203376,2019-12-07,Greta Gerwig
12,tt1302006,2020-01-14,2020-01-14,"For 2019
Nominees: [link=nm1044613] and [link=nm0694309]",The Irishman,https://www.imdb.com/title/tt1302006/,movie,7.8,209,2019,"Biography, Crime, Drama",385641,2019-09-27,Martin Scorsese
13,tt2584384,2020-01-14,2020-01-14,"For 2019
Nominee: [link=nm0747946]",Jojo Rabbit,https://www.imdb.com/title/tt2584384/,movie,7.9,108,2019,"Comedy, Drama, War",385914,2019-09-08,Taika Waititi
14,tt7286456,2020-01-14,2020-01-14,"For 2019
Nominee: [link=nm0108775]",Joker,https://www.imdb.com/title/tt7286456/,movie,8.4,122,2019,"Crime, Drama, Thriller",1261814,2019-08-31,Todd Phillips
15,tt7131622,2020-01-14,2020-01-14,"For 2019
Nominee: [link=nm0680218]",Once Upon a Time... in Hollywood,https://www.imdb.com/title/tt7131622/,movie,7.6,161,2019,"Comedy, Drama",727519,2019-05-21,Quentin Tarantino
16,tt1825683,2019-01-23,2019-02-25,"For 2018
[b]Won by [link=nm0141921][/b]",Black Panther,https://www.imdb.com/title/tt1825683/,movie,7.3,134,2018,"Action, Adventure, Sci-Fi",755727,2018-01-29,Ryan Coogler
17,tt6412452,2019-01-23,2019-01-23,"For 2018
Nominee: [link=nm0957861]",The Ballad of Buster Scruggs,https://www.imdb.com/title/tt6412452/,movie,7.3,133,2018,"Comedy, Drama, Musical, Mystery, Romance, Western",147940,2018-08-31,"Ethan Coen, Joel Coen"
18,tt5083738,2019-01-23,2019-01-23,"For 2018
Nominee: [link=nm0694309]",The Favourite,https://www.imdb.com/title/tt5083738/,movie,7.5,119,2018,"Biography, Comedy, Drama, History",200415,2018-08-30,Yorgos Lanthimos
19,tt5028340,2019-01-23,2019-01-23,"For 2018
Nominee: [link=nm0694309]",Mary Poppins Returns,https://www.imdb.com/title/tt5028340/,movie,6.7,130,2018,"Adventure, Comedy, Family, Fantasy, Musical",88524,2018-11-29,Rob Marshall
20,tt2328900,2019-01-23,2019-01-23,"For 2018
Nominee: [link=nm0126107]",Mary Queen of Scots,https://www.imdb.com/title/tt2328900/,movie,6.3,124,2018,"Biography, Drama, History",50971,2018-11-15,Josie Rourke
21,tt5776858,2018-05-09,2018-05-09,"For 2017
[b]Won by [link=nm0108775][/b]",Phantom Thread,https://www.imdb.com/title/tt5776858/,movie,7.4,130,2017,"Drama, Romance",133003,2017-12-11,Paul Thomas Anderson
22,tt2771200,2018-05-09,2018-05-09,"For 2017
Nominee: [link=nm0244330]",Beauty and the Beast,https://www.imdb.com/title/tt2771200/,movie,7.1,129,2017,"Adventure, Family, Fantasy, Musical, Romance",308994,2017-02-23,Bill Condon
23,tt4555426,2018-05-09,2018-05-09,"For 2017
Nominee: [link=nm0244330]",Darkest Hour,https://www.imdb.com/title/tt4555426/,movie,7.4,125,2017,"Biography, Drama, War",202725,2017-09-01,Joe Wright
24,tt5580390,2018-05-09,2018-05-09,"For 2017
Nominee: [link=nm0784751]",The Shape of Water,https://www.imdb.com/title/tt5580390/,movie,7.3,123,2017,"Drama, Fantasy, Romance",419037,2017-08-31,Guillermo del Toro
25,tt5816682,2018-05-09,2018-05-09,"For 2017
Nominee: [link=nm0102219]",Victoria & Abdul,https://www.imdb.com/title/tt5816682/,movie,6.8,111,2017,"Biography, Drama, History",36099,2017-09-03,Stephen Frears
26,tt3183660,2018-05-09,2018-05-09,"For 2016
[b]Won by [link=nm0041181][/b]",Fantastic Beasts and Where to Find Them,https://www.imdb.com/title/tt3183660/,movie,7.2,132,2016,"Adventure, Family, Fantasy",474747,2016-11-08,David Yates
27,tt3640424,2018-05-09,2018-05-09,"For 2016
Nominee: [link=nm0426693]",Allied,https://www.imdb.com/title/tt3640424/,movie,7.1,124,2016,"Action, Drama, Romance, Thriller, War",157986,2016-11-13,Robert Zemeckis
28,tt4136084,2018-05-09,2018-05-09,"For 2016
Nominee: [link=nm0102219]",Florence Foster Jenkins,https://www.imdb.com/title/tt4136084/,movie,6.8,111,2016,"Biography, Comedy, Drama, Music",56547,2016-04-23,Stephen Frears
29,tt1619029,2018-05-09,2018-05-09,"For 2016
Nominee: [link=nm0284837]",Jackie,https://www.imdb.com/title/tt1619029/,movie,6.7,100,2016,"Biography, Drama",80150,2016-09-07,Pablo Larraín
30,tt3783958,2018-05-09,2018-05-09,"For 2016
Nominee: [link=nm0957861]",La La Land,https://www.imdb.com/title/tt3783958/,movie,8.0,128,2016,"Comedy, Drama, Music, Musical, Romance",583659,2016-08-31,Damien Chazelle
31,tt1392190,2018-05-09,2018-05-09,"For 2015
[b]Won by [link=nm0064746][/b]",Mad Max: Fury Road,https://www.imdb.com/title/tt1392190/,movie,8.1,120,2015,"Action, Adventure, Sci-Fi, Thriller",996174,2015-05-07,George Miller
32,tt2402927,2018-05-09,2018-05-09,"For 2015
Nominee: [link=nm0694309]",Carol,https://www.imdb.com/title/tt2402927/,movie,7.2,118,2015,"Drama, Romance",130089,2015-05-17,Todd Haynes
33,tt1661199,2018-05-09,2018-05-09,"For 2015
Nominee: [link=nm0694309]",Cinderella,https://www.imdb.com/title/tt1661199/,movie,6.9,105,2015,"Adventure, Drama, Family, Fantasy, Romance",177944,2015-02-13,Kenneth Branagh
34,tt0810819,2018-05-09,2018-05-09,"For 2015
Nominee: [link=nm0214625]",The Danish Girl,https://www.imdb.com/title/tt0810819/,movie,7.1,119,2015,"Biography, Drama, Romance",186480,2015-09-05,Tom Hooper
35,tt1663202,2018-05-09,2018-05-09,"For 2015
Nominee: [link=nm0922113]",The Revenant,https://www.imdb.com/title/tt1663202/,movie,8.0,156,2015,"Action, Adventure, Drama, History, Western",799467,2015-12-16,Alejandro G. Iñárritu
36,tt2278388,2018-05-09,2018-05-09,"For 2014
[b]Won by [link=nm0134382][/b]",The Grand Budapest Hotel,https://www.imdb.com/title/tt2278388/,movie,8.1,99,2014,"Adventure, Comedy, Crime",803685,2014-02-06,Wes Anderson
37,tt1791528,2018-05-09,2018-05-09,"For 2014
Nominee: [link=nm0108775]",Inherent Vice,https://www.imdb.com/title/tt1791528/,movie,6.6,148,2014,"Comedy, Crime, Drama, Mystery, Romance",105178,2014-10-04,Paul Thomas Anderson
38,tt2180411,2018-05-09,2018-05-09,"For 2014
Nominee: [link=nm0041181]",Into the Woods,https://www.imdb.com/title/tt2180411/,movie,5.9,125,2014,"Adventure, Comedy, Drama, Fantasy, Musical",141950,2014-12-08,Rob Marshall
39,tt1587310,2018-05-09,2018-05-09,"For 2014
Nominee: [link=nm0081318]",Maleficent,https://www.imdb.com/title/tt1587310/,movie,6.9,97,2014,"Adventure, Family, Fantasy, Romance",376028,2014-05-28,Robert Stromberg
40,tt2473794,2018-05-09,2018-05-09,"For 2014
Nominee: [link=nm0244330]",Mr. Turner,https://www.imdb.com/title/tt2473794/,movie,6.8,150,2014,"Biography, Drama, History",26007,2014-05-15,Mike Leigh
41,tt1343092,2018-05-09,2018-05-09,"For 2013
[b]Won by [link=nm0552039][/b]",The Great Gatsby,https://www.imdb.com/title/tt1343092/,movie,7.2,143,2013,"Drama, Romance",543472,2013-05-01,Baz Luhrmann
42,tt2024544,2018-05-09,2018-05-09,"For 2013
Nominee: [link=nm0635876]",12 Years a Slave,https://www.imdb.com/title/tt2024544/,movie,8.1,134,2013,"Biography, Drama, History",698945,2013-08-30,Steve McQueen
43,tt1800241,2018-05-09,2018-05-09,"For 2013
Nominee: [link=nm0929452]",American Hustle,https://www.imdb.com/title/tt1800241/,movie,7.2,138,2013,"Crime, Drama",479010,2013-12-03,David O. Russell
44,tt1462900,2018-05-09,2018-05-09,"For 2013
Nominee: [link=nm0151858]",Yi dai zong shi,https://www.imdb.com/title/tt1462900/,movie,6.5,130,2013,"Action, Biography, Drama, Romance, War",34722,2013-01-08,Kar-Wai Wong
45,tt1700845,2018-05-09,2018-05-09,"For 2013
Nominee: [link=nm0640445]",The Invisible Woman,https://www.imdb.com/title/tt1700845/,movie,6.1,111,2013,"Biography, Drama, History, Romance",10036,2013-08-31,Ralph Fiennes
46,tt1781769,2018-05-09,2018-05-09,"For 2012
[b]Won by [link=nm0244330][/b]",Anna Karenina,https://www.imdb.com/title/tt1781769/,movie,6.6,129,2012,"Drama, Romance",100741,2012-09-04,Joe Wright
47,tt1707386,2018-05-09,2018-05-09,"For 2012
Nominee: [link=nm0214625]",Les Misérables,https://www.imdb.com/title/tt1707386/,movie,7.5,158,2012,"Drama, Musical, Romance",330340,2012-12-05,Tom Hooper
48,tt0443272,2018-05-09,2018-05-09,"For 2012
Nominee: [link=nm0426693]",Lincoln,https://www.imdb.com/title/tt0443272/,movie,7.3,150,2012,"Biography, Drama, History, War",261203,2012-10-08,Steven Spielberg
49,tt1667353,2018-05-09,2018-05-09,"For 2012
Nominee: [link=nm0411130] (posthumously)",Mirror Mirror,https://www.imdb.com/title/tt1667353/,movie,5.6,106,2012,"Adventure, Comedy, Drama, Family, Fantasy",88201,2012-03-15,Tarsem Singh
50,tt1735898,2018-05-09,2018-05-09,"For 2012
Nominee: [link=nm0041181]",Snow White and the Huntsman,https://www.imdb.com/title/tt1735898/,movie,6.1,127,2012,"Action, Adventure, Drama, Fantasy",290636,2012-05-14,Rupert Sanders
51,tt1655442,2018-05-10,2018-05-10,"For 2011
[b]Won by [link=nm0108775][/b]",The Artist,https://www.imdb.com/title/tt1655442/,movie,7.9,100,2011,"Comedy, Drama, Romance",241799,2011-05-15,Michel Hazanavicius
52,tt1521197,2018-05-10,2018-05-10,"For 2011
Nominee: [link=nm0160425]",Anonymous,https://www.imdb.com/title/tt1521197/,movie,6.8,130,2011,"Drama, Thriller",41125,2011-09-11,Roland Emmerich
53,tt0970179,2018-05-10,2018-05-10,"For 2011
Nominee: [link=nm0694309]",Hugo,https://www.imdb.com/title/tt0970179/,movie,7.5,126,2011,"Adventure, Drama, Family, Fantasy, Mystery",323587,2011-10-10,Martin Scorsese
54,tt1229822,2018-05-10,2018-05-10,"For 2011
Nominee: [link=nm0640445]",Jane Eyre,https://www.imdb.com/title/tt1229822/,movie,7.3,120,2011,"Drama, Romance",88609,2011-03-09,Cary Joji Fukunaga
55,tt1536048,2018-05-10,2018-05-10,"For 2011
Nominee: [link=nm0680218]",W.E.,https://www.imdb.com/title/tt1536048/,movie,6.2,119,2011,"Drama, History, Romance",13087,2011-09-01,Madonna
56,tt1014759,2018-05-10,2018-05-10,"For 2010
[b]Won by [link=nm0041181][/b]",Alice in Wonderland,https://www.imdb.com/title/tt1014759/,movie,6.4,108,2010,"Adventure, Family, Fantasy, Mystery",415277,2010-02-25,Tim Burton
57,tt1226236,2018-05-10,2018-05-10,"For 2010
Nominee: [link=nm0134050]",Io sono l'amore,https://www.imdb.com/title/tt1226236/,movie,7.0,120,2009,"Drama, Romance",22715,2009-09-05,Luca Guadagnino
58,tt1504320,2018-05-10,2018-05-10,"For 2010
Nominee: [link=nm0064746]",The King's Speech,https://www.imdb.com/title/tt1504320/,movie,8.0,118,2010,"Biography, Drama, History",680109,2010-09-06,Tom Hooper
59,tt1274300,2018-05-10,2018-05-10,"For 2010
Nominee: [link=nm0694309]",The Tempest,https://www.imdb.com/title/tt1274300/,movie,5.3,110,2010,"Comedy, Drama, Fantasy, Romance",7926,2010-09-11,Julie Taymor
60,tt1403865,2018-05-10,2018-05-10,"For 2010
Nominee: [link=nm0957861]",True Grit,https://www.imdb.com/title/tt1403865/,movie,7.6,110,2010,"Drama, Western",339577,2010-12-14,"Ethan Coen, Joel Coen"
61,tt0962736,2018-05-10,2018-05-10,"For 2009
[b]Won by [link=nm0694309][/b]",The Young Victoria,https://www.imdb.com/title/tt0962736/,movie,7.2,105,2009,"Biography, Drama, History, Romance",62696,2009-03-06,Jean-Marc Vallée
62,tt0810784,2018-05-10,2018-05-10,"For 2009
Nominee: [link=nm0666253]",Bright Star,https://www.imdb.com/title/tt0810784/,movie,6.9,119,2009,"Biography, Drama, Romance",27737,2009-05-15,Jane Campion
63,tt1035736,2018-05-10,2018-05-10,"For 2009
Nominee: [link=nm0504639]",Coco avant Chanel,https://www.imdb.com/title/tt1035736/,movie,6.7,105,2009,"Biography, Drama",40802,2009-04-06,Anne Fontaine
64,tt1054606,2018-05-10,2018-05-10,"For 2009
Nominee: [link=nm0698889]",The Imaginarium of Doctor Parnassus,https://www.imdb.com/title/tt1054606/,movie,6.8,123,2009,"Adventure, Comedy, Fantasy, Mystery",150042,2009-05-22,Terry Gilliam
65,tt0875034,2018-05-10,2018-05-10,"For 2009
Nominee: [link=nm0041181]",Nine,https://www.imdb.com/title/tt0875034/,movie,5.8,118,2009,"Drama, Musical, Romance",44061,2009-12-03,Rob Marshall
66,tt0864761,2018-05-10,2018-05-10,"For 2008
[b]Won by [link=nm0640445][/b]",The Duchess,https://www.imdb.com/title/tt0864761/,movie,6.9,110,2008,"Biography, Drama, History, Romance",83743,2008-09-03,Saul Dibb
67,tt0455824,2018-05-10,2018-05-10,"For 2008
Nominee: [link=nm0552039]",Australia,https://www.imdb.com/title/tt0455824/,movie,6.6,165,2008,"Adventure, Drama, Romance, War, Western",125346,2008-11-18,Baz Luhrmann
68,tt0421715,2018-05-10,2018-05-10,"For 2008
Nominee: [link=nm0922113]",The Curious Case of Benjamin Button,https://www.imdb.com/title/tt0421715/,movie,7.8,166,2008,"Drama, Fantasy, Romance",649395,2008-12-10,David Fincher
69,tt1013753,2018-05-10,2018-05-10,"For 2008
Nominee: [link=nm0322786]",Milk,https://www.imdb.com/title/tt1013753/,movie,7.5,128,2008,"Biography, Drama",173500,2008-10-28,Gus Van Sant
70,tt0959337,2018-05-10,2018-05-10,"For 2008
Nominee: [link=nm0938717]",Revolutionary Road,https://www.imdb.com/title/tt0959337/,movie,7.3,119,2008,"Drama, Romance",214052,2008-12-15,Sam Mendes
71,tt0414055,2018-05-10,2018-05-10,"For 2007
[b]Won by [link=nm0126107][/b]",Elizabeth: The Golden Age,https://www.imdb.com/title/tt0414055/,movie,6.8,114,2007,"Biography, Drama, History, War",71967,2007-09-09,Shekhar Kapur
72,tt0445922,2018-05-10,2018-05-10,"For 2007
Nominee: [link=nm0938717]",Across the Universe,https://www.imdb.com/title/tt0445922/,movie,7.3,133,2007,"Drama, Fantasy, History, Music, Musical, Romance",111037,2007-09-09,Julie Taymor
73,tt0783233,2018-05-10,2018-05-10,"For 2007
Nominee: [link=nm0244330]",Atonement,https://www.imdb.com/title/tt0783233/,movie,7.8,123,2007,"Drama, Mystery, Romance, War",278761,2007-08-28,Joe Wright
74,tt0450188,2018-05-10,2018-05-10,"For 2007
Nominee: [link=nm0020801]",La Môme,https://www.imdb.com/title/tt0450188/,movie,7.6,140,2007,"Biography, Drama, Music, Romance",87467,2007-02-08,Olivier Dahan
75,tt0408236,2018-05-10,2018-05-10,"For 2007
Nominee: [link=nm0041181]",Sweeney Todd: The Demon Barber of Fleet Street,https://www.imdb.com/title/tt0408236/,movie,7.3,116,2007,"Drama, Horror, Musical, Thriller",369545,2007-12-03,Tim Burton
76,tt0422720,2018-05-10,2018-05-10,"For 2006
[b]Won by [link=nm0134382][/b]",Marie Antoinette,https://www.imdb.com/title/tt0422720/,movie,6.5,123,2006,"Biography, Drama, History, Romance",112266,2006-05-24,Sofia Coppola
77,tt0473444,2018-05-10,2018-05-10,"For 2006
Nominee: [link=nm0354008]",Man cheng jin dai huang jin jia,https://www.imdb.com/title/tt0473444/,movie,7.0,114,2006,"Action, Drama, History, Romance",44462,2006-12-14,Yimou Zhang
78,tt0458352,2018-05-10,2018-05-10,"For 2006
Nominee: [link=nm0276010]",The Devil Wears Prada,https://www.imdb.com/title/tt0458352/,movie,6.9,109,2006,"Comedy, Drama",419598,2006-06-19,David Frankel
79,tt0443489,2018-05-10,2018-05-10,"For 2006
Nominee: [link=nm0205446]",Dreamgirls,https://www.imdb.com/title/tt0443489/,movie,6.6,130,2006,"Drama, Music, Musical",74259,2006-12-09,Bill Condon
80,tt0436697,2018-05-10,2018-05-10,"For 2006
Nominee: [link=nm0102219]",The Queen,https://www.imdb.com/title/tt0436697/,movie,7.3,103,2006,"Biography, Drama",112172,2006-09-02,Stephen Frears
81,tt0397535,2018-05-10,2018-05-10,"For 2005
[b]Won by [link=nm0041181][/b]",Memoirs of a Geisha,https://www.imdb.com/title/tt0397535/,movie,7.3,145,2005,"Drama, Romance",150404,2005-11-29,Rob Marshall
82,tt0367594,2018-05-10,2018-05-10,"For 2005
Nominee: [link=nm0675951]",Charlie and the Chocolate Factory,https://www.imdb.com/title/tt0367594/,movie,6.7,115,2005,"Adventure, Comedy, Family, Fantasy, Musical",480192,2005-07-10,Tim Burton
83,tt0413015,2018-05-10,2018-05-10,"For 2005
Nominee: [link=nm0694309]",Mrs. Henderson Presents,https://www.imdb.com/title/tt0413015/,movie,7.0,103,2005,"Comedy, Drama, Music, War",15854,2005-09-09,Stephen Frears
84,tt0414387,2018-05-10,2018-05-10,"For 2005
Nominee: [link=nm0244330]",Pride & Prejudice,https://www.imdb.com/title/tt0414387/,movie,7.8,129,2005,"Drama, Romance",296336,2005-07-25,Joe Wright
85,tt0358273,2018-05-10,2018-05-10,"For 2005
Nominee: [link=nm0680218]",Walk the Line,https://www.imdb.com/title/tt0358273/,movie,7.8,136,2005,"Biography, Drama, Music, Romance",251818,2005-09-04,James Mangold
86,tt0338751,2018-05-10,2018-05-10,"For 2004
[b]Won by [link=nm0694309][/b]",The Aviator,https://www.imdb.com/title/tt0338751/,movie,7.5,170,2004,"Biography, Drama",361923,2004-12-14,Martin Scorsese
87,tt0308644,2018-05-10,2018-05-10,"For 2004
Nominee: [link=nm0126107]",Finding Neverland,https://www.imdb.com/title/tt0308644/,movie,7.7,106,2004,"Biography, Drama, Family",206969,2004-09-04,Marc Forster
88,tt0350258,2018-05-10,2018-05-10,"For 2004
Nominee: [link=nm0205446]",Ray,https://www.imdb.com/title/tt0350258/,movie,7.7,152,2004,"Biography, Drama, Music",148639,2004-09-12,Taylor Hackford
89,tt0339291,2018-05-10,2018-05-10,"For 2004
Nominee: [link=nm0041181]",A Series of Unfortunate Events,https://www.imdb.com/title/tt0339291/,movie,6.8,108,2004,"Adventure, Comedy, Family, Fantasy",210101,2004-12-16,Brad Silberling
90,tt0332452,2018-05-10,2018-05-10,"For 2004
Nominee: [link=nm0727674]",Troy,https://www.imdb.com/title/tt0332452/,movie,7.3,163,2004,"Drama, History",534652,2004-05-09,Wolfgang Petersen
91,tt0167260,2018-05-10,2018-05-10,"For 2003
[b]Won by [link=nm0225699] and [link=nm0853050][/b]",The Lord of the Rings: The Return of the King,https://www.imdb.com/title/tt0167260/,movie,9.0,201,2003,"Action, Adventure, Drama, Fantasy",1833216,2003-12-01,Peter Jackson
92,tt0335119,2018-05-10,2018-05-10,"For 2003
Nominee: [link=nm0833009]",Girl with a Pearl Earring,https://www.imdb.com/title/tt0335119/,movie,6.9,100,2003,"Biography, Drama, Romance",78769,2003-08-31,Peter Webber
93,tt0325710,2018-05-10,2018-05-10,"For 2003
Nominee: [link=nm0225699]",The Last Samurai,https://www.imdb.com/title/tt0325710/,movie,7.8,154,2003,"Action, Drama",441089,2003-11-22,Edward Zwick
94,tt0311113,2018-05-10,2018-05-10,"For 2003
Nominee: [link=nm0830594]",Master and Commander: The Far Side of the World,https://www.imdb.com/title/tt0311113/,movie,7.4,138,2003,"Action, Adventure, Drama, War",222470,2003-11-14,Peter Weir
95,tt0329575,2018-05-10,2018-05-10,"For 2003
Nominee: [link=nm0538721]",Seabiscuit,https://www.imdb.com/title/tt0329575/,movie,7.3,140,2003,"Drama, History, Sport",73633,2003-07-22,Gary Ross
96,tt0299658,2018-05-10,2018-05-10,"For 2002
[b]Won by [link=nm0041181][/b]",Chicago,https://www.imdb.com/title/tt0299658/,movie,7.2,113,2002,"Comedy, Crime, Musical",230975,2002-12-10,Rob Marshall
97,tt0120679,2018-05-10,2018-05-10,"For 2002
Nominee: [link=nm0919058]",Frida,https://www.imdb.com/title/tt0120679/,movie,7.3,123,2002,"Biography, Drama, Romance",90392,2002-08-29,Julie Taymor
98,tt0217505,2018-05-10,2018-05-10,"For 2002
Nominee: [link=nm0694309]",Gangs of New York,https://www.imdb.com/title/tt0217505/,movie,7.5,167,2002,"Crime, Drama",442085,2002-12-09,Martin Scorsese
99,tt0274558,2018-05-10,2018-05-10,"For 2002
Nominee: [link=nm0744778]",The Hours,https://www.imdb.com/title/tt0274558/,movie,7.5,110,2002,"Drama, Romance",132456,2002-12-15,Stephen Daldry
100,tt0253474,2018-05-10,2018-05-10,"For 2002
Nominee: [link=nm0081318]",The Pianist,https://www.imdb.com/title/tt0253474/,movie,8.5,150,2002,"Biography, Drama, Music, War",826516,2002-05-24,Roman Polanski
101,tt0203009,2018-05-10,2018-05-10,"For 2001
[b]Won by [link=nm0552039] and [link=nm0833572][/b]",Moulin Rouge!,https://www.imdb.com/title/tt0203009/,movie,7.6,127,2001,"Drama, Musical, Romance",285759,2001-05-09,Baz Luhrmann
102,tt0242252,2018-05-10,2018-05-10,"For 2001
Nominee: [link=nm0134382]",The Affair of the Necklace,https://www.imdb.com/title/tt0242252/,movie,6.0,118,2001,"Drama, History, Romance",5385,2001-11-20,Charles Shyer
103,tt0280707,2018-05-10,2018-05-10,"For 2001
Nominee: [link=nm0064746]",Gosford Park,https://www.imdb.com/title/tt0280707/,movie,7.2,137,2001,"Comedy, Drama, Mystery",88350,2001-11-07,Robert Altman
104,tt0241527,2018-05-10,2018-05-10,"For 2001
Nominee: [link=nm0538721]",Harry Potter and the Sorcerer's Stone,https://www.imdb.com/title/tt0241527/,movie,7.6,152,2001,"Adventure, Family, Fantasy",774457,2001-11-04,Chris Columbus
105,tt0120737,2018-05-10,2018-05-10,"For 2001
Nominees: [link=nm0225699] and [link=nm0853050]",The Lord of the Rings: The Fellowship of the Ring,https://www.imdb.com/title/tt0120737/,movie,8.8,178,2001,"Action, Adventure, Drama, Fantasy",1862014,2001-12-10,Peter Jackson
106,tt0172495,2018-05-10,2018-05-10,"For 2000
[b]Won by [link=nm0946765][/b]",Gladiator,https://www.imdb.com/title/tt0172495/,movie,8.5,155,2000,"Action, Adventure, Drama",1490166,2000-05-01,Ridley Scott
107,tt0211181,2018-05-10,2018-05-10,"For 2000
Nominee: [link=nm0694018]",102 Dalmatians,https://www.imdb.com/title/tt0211181/,movie,4.8,100,2000,"Adventure, Comedy, Family",37811,2000-11-22,Kevin Lima
108,tt0190332,2018-05-10,2018-05-10,"For 2000
Nominee: [link=nm0947315]",Wo hu cang long,https://www.imdb.com/title/tt0190332/,movie,7.9,120,2000,"Action, Adventure, Drama, Romance",269776,2000-05-18,Ang Lee
109,tt0170016,2018-05-10,2018-05-10,"For 2000
Nominee: [link=nm0752374]",How the Grinch Stole Christmas,https://www.imdb.com/title/tt0170016/,movie,6.2,104,2000,"Comedy, Family, Fantasy",246059,2000-11-08,Ron Howard
110,tt0180073,2018-05-10,2018-05-10,"For 2000
Nominee: [link=nm0922113]",Quills,https://www.imdb.com/title/tt0180073/,movie,7.3,124,2000,"Biography, Drama",54705,2000-09-02,Philip Kaufman
111,tt0151568,2018-05-10,2018-05-10,"For 1999
[b]Won by [link=nm0376089][/b]",Topsy-Turvy,https://www.imdb.com/title/tt0151568/,movie,7.4,160,1999,"Biography, Comedy, Drama, History, Music, Musical",12832,1999-09-03,Mike Leigh
112,tt0166485,2018-05-10,2018-05-10,"For 1999
Nominee: [link=nm0064746]",Anna and the King,https://www.imdb.com/title/tt0166485/,movie,6.7,148,1999,"Drama, History, Romance",37589,1999-12-06,Andy Tennant
113,tt0162661,2018-05-10,2018-05-10,"For 1999
Nominee: [link=nm0041181]",Sleepy Hollow,https://www.imdb.com/title/tt0162661/,movie,7.3,105,1999,"Fantasy, Horror, Mystery",361566,1999-11-17,Tim Burton
114,tt0134119,2018-05-10,2018-05-10,"For 1999
Nominees: [link=nm0744778] and [link=nm0428105]",The Talented Mr. Ripley,https://www.imdb.com/title/tt0134119/,movie,7.4,139,1999,"Crime, Drama, Thriller",212986,1999-12-12,Anthony Minghella
115,tt0120866,2018-05-10,2018-05-10,"For 1999
Nominee: [link=nm0134382]",Titus,https://www.imdb.com/title/tt0120866/,movie,7.1,162,1999,"Drama, History, Thriller",20780,1999-12-25,Julie Taymor
116,tt0138097,2018-05-10,2018-05-10,"For 1998
[b]Won by [link=nm0694309][/b]",Shakespeare in Love,https://www.imdb.com/title/tt0138097/,movie,7.1,123,1998,"Comedy, Drama, History, Romance",225694,1998-12-03,John Madden
117,tt0120603,2018-05-10,2018-05-10,"For 1998
Nominee: [link=nm0041181]",Beloved,https://www.imdb.com/title/tt0120603/,movie,6.0,172,1998,"Drama, History, Horror, Mystery",9125,1998-10-08,Jonathan Demme
118,tt0127536,2018-05-10,2018-05-10,"For 1998
Nominee: [link=nm0126107]",Elizabeth,https://www.imdb.com/title/tt0127536/,movie,7.4,124,1998,"Biography, Drama, History",100009,1998-09-08,Shekhar Kapur
119,tt0120789,2018-05-10,2018-05-10,"For 1998
Nominee: [link=nm0538721]",Pleasantville,https://www.imdb.com/title/tt0120789/,movie,7.5,124,1998,"Comedy, Drama, Fantasy",130280,1998-09-17,Gary Ross
120,tt0120879,2018-05-10,2018-05-10,"For 1998
Nominee: [link=nm0694309]",Velvet Goldmine,https://www.imdb.com/title/tt0120879/,movie,6.9,118,1998,"Drama, Music",36091,1998-05-22,Todd Haynes
121,tt0120338,2018-05-10,2018-05-10,"For 1997
[b]Won by [link=nm0779045][/b]",Titanic,https://www.imdb.com/title/tt0120338/,movie,7.9,194,1997,"Drama, Romance",1165345,1997-11-01,James Cameron
122,tt0118607,2018-05-10,2018-05-10,"For 1997
Nominee: [link=nm0141921]",Amistad,https://www.imdb.com/title/tt0118607/,movie,7.3,155,1997,"Biography, Drama, History",77724,1997-12-04,Steven Spielberg
123,tt0119485,2018-05-10,2018-05-10,"For 1997
Nominee: [link=nm0274721]",Kundun,https://www.imdb.com/title/tt0119485/,movie,7.0,134,1997,"Biography, Drama, History, War",28566,1997-12-11,Martin Scorsese
124,tt0119843,2018-05-10,2018-05-10,"For 1997
Nominee: [link=nm0666253]",Oscar and Lucinda,https://www.imdb.com/title/tt0119843/,movie,6.6,132,1997,"Drama, Romance",6947,1997-12-31,Gillian Armstrong
125,tt0120520,2018-05-10,2018-05-10,"For 1997
Nominee: [link=nm0694309]",The Wings of the Dove,https://www.imdb.com/title/tt0120520/,movie,7.1,102,1997,"Drama, Romance",12502,1997-09-04,Iain Softley
126,tt0116209,2018-05-10,2018-05-10,"For 1996
[b]Won by [link=nm0744778][/b]",The English Patient,https://www.imdb.com/title/tt0116209/,movie,7.4,162,1996,"Drama, Romance, War",190924,1996-10-31,Anthony Minghella
127,tt0112365,2018-05-10,2018-05-10,"For 1996
Nominee: [link=nm0114397]",Angels and Insects,https://www.imdb.com/title/tt0112365/,movie,6.8,116,1995,"Drama, Romance",4676,1995-05-31,Philip Haas
128,tt0116191,2018-05-10,2018-05-10,"For 1996
Nominee: [link=nm0616848]",Emma,https://www.imdb.com/title/tt0116191/,movie,6.6,120,1996,"Comedy, Drama, Romance",39536,1996-06-07,Douglas McGrath
129,tt0116477,2018-05-10,2018-05-10,"For 1996
Nominee: [link=nm0126107]",Hamlet,https://www.imdb.com/title/tt0116477/,movie,7.8,242,1996,Drama,38417,1996-12-25,Kenneth Branagh
130,tt0117364,2018-05-10,2018-05-10,"For 1996
Nominee: [link=nm0666253]",The Portrait of a Lady,https://www.imdb.com/title/tt0117364/,movie,6.2,144,1996,"Drama, Romance",12018,1996-08-28,Jane Campion
131,tt0114272,2018-05-10,2018-05-10,"For 1995
[b]Won by [link=nm0009807][/b]",Restoration,https://www.imdb.com/title/tt0114272/,movie,6.6,117,1995,"Biography, Drama, History, Romance",9560,1995-12-29,Michael Hoffman
132,tt0112573,2018-05-10,2018-05-10,"For 1995
Nominee: [link=nm0461262]",Braveheart,https://www.imdb.com/title/tt0112573/,movie,8.4,178,1995,"Biography, Drama, History, War",1034111,1995-05-18,Mel Gibson
133,tt0114279,2018-05-10,2018-05-10,"For 1995
Nominee: [link=nm0367840]",Richard III,https://www.imdb.com/title/tt0114279/,movie,7.3,110,1995,"Drama, Sci-Fi, War",14854,1995-08-20,Richard Loncraine
134,tt0114388,2018-05-10,2018-05-10,"For 1995
Nominees: [link=nm0064746] and [link=nm0109149]",Sense and Sensibility,https://www.imdb.com/title/tt0114388/,movie,7.7,136,1995,"Drama, Romance",116842,1995-12-04,Ang Lee
135,tt0114746,2018-05-10,2018-05-10,"For 1995
Nominee: [link=nm0919058]",Twelve Monkeys,https://www.imdb.com/title/tt0114746/,movie,8.0,129,1995,"Mystery, Sci-Fi, Thriller",617460,1995-12-08,Terry Gilliam
136,tt0109045,2018-05-10,2018-05-10,"For 1994
[b]Won by [link=nm0306773] and [link=nm0152579][/b]","The Adventures of Priscilla, Queen of the Desert",https://www.imdb.com/title/tt0109045/,movie,7.5,104,1994,"Comedy, Music",50896,1994-01-30,Stephan Elliott
137,tt0109348,2018-05-10,2018-05-10,"For 1994
Nominee: [link=nm0475794]",Bullets Over Broadway,https://www.imdb.com/title/tt0109348/,movie,7.4,98,1994,"Comedy, Crime",39381,1994-09-06,Woody Allen
138,tt0110367,2018-05-10,2018-05-10,"For 1994
Nominee: [link=nm0041181]",Little Women,https://www.imdb.com/title/tt0110367/,movie,7.3,115,1994,"Drama, Family, Romance",59255,1994-12-21,Gillian Armstrong
139,tt0110478,2018-05-10,2018-05-10,"For 1994
Nominee: [link=nm0275067]",Maverick,https://www.imdb.com/title/tt0110478/,movie,7.0,127,1994,"Action, Adventure, Comedy, Western",112661,1994-05-20,Richard Donner
140,tt0110963,2018-05-10,2018-05-10,"For 1994
Nominee: [link=nm0081001]",La reine Margot,https://www.imdb.com/title/tt0110963/,movie,7.4,159,1994,"Biography, Drama, History, Romance",17846,1994-05-13,Patrice Chéreau
141,tt0106226,2018-05-11,2018-05-11,"For 1993
[b]Won by [link=nm0675951][/b]",The Age of Innocence,https://www.imdb.com/title/tt0106226/,movie,7.2,139,1993,"Drama, Romance",60715,1993-08-31,Martin Scorsese
142,tt0107756,2018-05-11,2018-05-11,"For 1993
Nominee: [link=nm0694309]",Orlando,https://www.imdb.com/title/tt0107756/,movie,7.1,94,1992,"Biography, Drama, Fantasy, Romance",16836,1992-09-01,Sally Potter
143,tt0107822,2018-05-11,2018-05-11,"For 1993
Nominee: [link=nm0666253]",The Piano,https://www.imdb.com/title/tt0107822/,movie,7.5,121,1993,"Drama, Music, Romance",89096,1993-05-15,Jane Campion
144,tt0107943,2018-05-11,2018-05-11,"For 1993
Nominees: [link=nm0064746] and [link=nm0109149]",The Remains of the Day,https://www.imdb.com/title/tt0107943/,movie,7.8,134,1993,"Drama, Romance",75026,1993-10-25,James Ivory
145,tt0108052,2018-05-11,2018-05-11,"For 1993
Nominee: [link=nm0081318]",Schindler's List,https://www.imdb.com/title/tt0108052/,movie,9.0,195,1993,"Biography, Drama, History",1346672,1993-11-30,Steven Spielberg
146,tt0103874,2018-05-11,2018-05-11,"For 1992
[b]Won by [link=nm0411130][/b]",Dracula,https://www.imdb.com/title/tt0103874/,movie,7.4,128,1992,"Drama, Fantasy, Horror, Romance",218770,1992-11-10,Francis Ford Coppola
147,tt0101811,2018-05-11,2018-05-11,"For 1992
Nominee: [link=nm0621042]",Enchanted April,https://www.imdb.com/title/tt0101811/,movie,7.3,95,1991,Drama,6754,1991-11-06,Mike Newell
148,tt0104454,2018-05-11,2018-05-11,"For 1992
Nominees: [link=nm0064746] and [link=nm0109149]",Howards End,https://www.imdb.com/title/tt0104454/,movie,7.4,142,1992,"Drama, Romance",32909,1992-02-27,James Ivory
149,tt0104797,2018-05-11,2018-05-11,"For 1992
Nominee: [link=nm0141921]",Malcolm X,https://www.imdb.com/title/tt0104797/,movie,7.7,202,1992,"Biography, Drama, History",95178,1992-11-17,Spike Lee
150,tt0105629,2018-05-11,2018-05-11,"For 1992
Nominee: [link=nm0938717]",Toys,https://www.imdb.com/title/tt0105629/,movie,5.1,118,1992,"Adventure, Comedy, Drama, Family, Fantasy",32264,1992-12-18,Barry Levinson
151,tt0101516,2018-05-11,2018-05-11,"For 1991
[b]Won by [link=nm0938717][/b]",Bugsy,https://www.imdb.com/title/tt0101516/,movie,6.8,136,1991,"Biography, Crime, Drama",29484,1991-12-10,Barry Levinson
152,tt0101272,2018-05-11,2018-05-11,"For 1991
Nominee: [link=nm0616848]",The Addams Family,https://www.imdb.com/title/tt0101272/,movie,6.9,99,1991,"Comedy, Fantasy",157532,1991-11-19,Barry Sonnenfeld
153,tt0101410,2018-05-11,2018-05-11,"For 1991
Nominee: [link=nm0395224]",Barton Fink,https://www.imdb.com/title/tt0101410/,movie,7.6,116,1991,"Comedy, Drama, Thriller",122439,1991-05-18,"Ethan Coen, Joel Coen"
154,tt0102057,2018-05-11,2018-05-11,"For 1991
Nominee: [link=nm0694018]",Hook,https://www.imdb.com/title/tt0102057/,movie,6.8,142,1991,"Adventure, Comedy, Family, Fantasy",254998,1991-12-08,Steven Spielberg
155,tt0102368,2018-05-11,2018-05-11,"For 1991
Nominee: [link=nm0430452]",Madame Bovary,https://www.imdb.com/title/tt0102368/,movie,6.6,143,1991,"Drama, Romance",4115,1991-04-03,Claude Chabrol
156,tt0099334,2018-05-11,2018-05-11,"For 1990
[b]Won by [link=nm0820037][/b]",Cyrano de Bergerac,https://www.imdb.com/title/tt0099334/,movie,7.5,137,1990,"Comedy, Drama, History, Romance, War",24533,1990-03-28,Jean-Paul Rappeneau
157,tt0099073,2018-05-11,2018-05-11,"For 1990
Nominee: [link=nm0340336]",Avalon,https://www.imdb.com/title/tt0099073/,movie,7.2,128,1990,Drama,6389,1990-10-19,Barry Levinson
158,tt0099348,2018-05-11,2018-05-11,"For 1990
Nominee: [link=nm0952747]",Dances with Wolves,https://www.imdb.com/title/tt0099348/,movie,8.0,181,1990,"Adventure, Drama, Western",265712,1990-10-19,Kevin Costner
159,tt0099422,2018-05-11,2018-05-11,"For 1990
Nominee: [link=nm0134382]",Dick Tracy,https://www.imdb.com/title/tt0099422/,movie,6.2,105,1990,"Action, Comedy, Crime, Music, Romance, Thriller",62444,1990-06-13,Warren Beatty
160,tt0099726,2018-05-11,2018-05-11,"For 1990
Nominee: [link=nm0587818]",Hamlet,https://www.imdb.com/title/tt0099726/,movie,6.7,135,1990,Drama,22658,1990-12-19,Franco Zeffirelli
161,tt0097499,2018-05-11,2018-05-11,"For 1989
[b]Won by [link=nm0198335][/b]",Henry V,https://www.imdb.com/title/tt0097499/,movie,7.5,137,1989,"Biography, Drama, History, War",30162,1989-10-06,Kenneth Branagh
162,tt0096764,2018-05-11,2018-05-11,"For 1989
Nominee: [link=nm0675951]",The Adventures of Baron Munchausen,https://www.imdb.com/title/tt0096764/,movie,7.1,126,1988,"Adventure, Comedy, Fantasy",53897,1988-12-08,Terry Gilliam
163,tt0097239,2018-05-11,2018-05-11,"For 1989
Nominee: [link=nm0564296]",Driving Miss Daisy,https://www.imdb.com/title/tt0097239/,movie,7.3,99,1989,"Comedy, Drama, Romance",110579,1989-12-11,Bruce Beresford
164,tt0097481,2018-05-11,2018-05-11,"For 1989
Nominee: [link=nm0867001]",Harlem Nights,https://www.imdb.com/title/tt0097481/,movie,6.0,116,1989,"Comedy, Crime, Drama",23101,1989-11-17,Eddie Murphy
165,tt0098575,2018-05-11,2018-05-11,"For 1989
Nominee: [link=nm0685551]",Valmont,https://www.imdb.com/title/tt0098575/,movie,7.0,137,1989,"Drama, Romance",13648,1989-11-13,Milos Forman
166,tt0094947,2018-05-11,2018-05-11,"For 1988
[b]Won by [link=nm0009807][/b]",Dangerous Liaisons,https://www.imdb.com/title/tt0094947/,movie,7.6,119,1988,"Drama, Romance",70851,1988-12-11,Stephen Frears
167,tt0094898,2018-05-11,2018-05-11,"For 1988
Nominee: [link=nm0618966]",Coming to America,https://www.imdb.com/title/tt0094898/,movie,7.1,117,1988,"Comedy, Romance",208536,1988-06-26,John Landis
168,tt0095274,2018-05-11,2018-05-11,"For 1988
Nominee: [link=nm0732711]",A Handful of Dust,https://www.imdb.com/title/tt0095274/,movie,6.6,118,1988,"Drama, Romance",2085,1988-06-24,Charles Sturridge
169,tt0096193,2018-05-11,2018-05-11,"For 1988
Nominee: [link=nm0635876]",Sunset,https://www.imdb.com/title/tt0096193/,movie,5.7,102,1988,"Crime, Mystery, Thriller, Western",4294,1988-04-29,Blake Edwards
170,tt0096316,2018-05-11,2018-05-11,"For 1988
Nominee: [link=nm0134382]",Tucker: The Man and His Dream,https://www.imdb.com/title/tt0096316/,movie,6.9,110,1988,"Biography, Comedy, Drama",20035,1988-08-12,Francis Ford Coppola
171,tt0093389,2018-05-11,2018-05-11,"For 1987
[b]Won by [link=nm0009807][/b]",The Last Emperor,https://www.imdb.com/title/tt0093389/,movie,7.7,163,1987,"Biography, Drama, History",103880,1987-10-04,Bernardo Bertolucci
172,tt0092843,2018-05-11,2018-05-11,"For 1987
Nominee: [link=nm0419820]",The Dead,https://www.imdb.com/title/tt0092843/,movie,7.2,83,1987,Drama,8257,1987-09-03,John Huston
173,tt0092965,2018-05-11,2018-05-11,"For 1987
Nominee: [link=nm0727674]",Empire of the Sun,https://www.imdb.com/title/tt0092965/,movie,7.7,153,1987,"Drama, History, War",126399,1987-12-08,Steven Spielberg
174,tt0093512,2018-05-11,2018-05-11,"For 1987
Nominees: [link=nm0064746] and [link=nm0109149]",Maurice,https://www.imdb.com/title/tt0093512/,movie,7.7,140,1987,"Drama, Romance",20256,1987-09-05,James Ivory
175,tt0094226,2018-05-11,2018-05-11,"For 1987
Nominee: [link=nm0006465]",The Untouchables,https://www.imdb.com/title/tt0094226/,movie,7.9,119,1987,"Crime, Drama, Thriller",310076,1987-06-02,Brian De Palma
176,tt0091867,2018-05-11,2018-05-11,"For 1986
[b]Won by [link=nm0064746] and [link=nm0109149][/b]",A Room with a View,https://www.imdb.com/title/tt0091867/,movie,7.2,117,1985,"Drama, Romance",44178,1985-12-13,James Ivory
177,tt0091699,2018-05-11,2018-05-11,"For 1986
Nominees: [link=nm0030371] and [link=nm0587818]",Otello,https://www.imdb.com/title/tt0091699/,movie,7.0,118,1986,"Drama, Music",585,1986-05-15,Franco Zeffirelli
178,tt0091530,2018-05-11,2018-05-11,"For 1986
Nominee: [link=nm0754635]",The Mission,https://www.imdb.com/title/tt0091530/,movie,7.4,125,1986,"Adventure, Drama, History",61837,1986-05-16,Roland Joffé
179,tt0091738,2018-05-11,2018-05-11,"For 1986
Nominee: [link=nm0887916]",Peggy Sue Got Married,https://www.imdb.com/title/tt0091738/,movie,6.4,103,1986,"Comedy, Drama, Fantasy, Romance",38190,1986-10-05,Francis Ford Coppola
180,tt0091757,2018-05-11,2018-05-11,"For 1986
Nominee: [link=nm0694018]",Pirates,https://www.imdb.com/title/tt0091757/,movie,6.0,121,1986,"Action, Adventure, Comedy, Romance",8807,1986-05-08,Roman Polanski
181,tt0089881,2018-05-11,2018-05-11,"For 1985
[b]Won by [link=nm0905253][/b]",Ran,https://www.imdb.com/title/tt0089881/,movie,8.2,162,1985,"Action, Drama, War",125968,1985-05-25,Akira Kurosawa
182,tt0088939,2018-05-11,2018-05-11,"For 1985
Nominee: [link=nm0345888]",The Color Purple,https://www.imdb.com/title/tt0088939/,movie,7.7,154,1985,Drama,87457,1985-12-16,Steven Spielberg
183,tt0089385,2018-05-11,2018-05-11,"For 1985
Nominee: [link=nm0938717]",The Journey of Natty Gann,https://www.imdb.com/title/tt0089385/,movie,7.0,101,1985,"Adventure, Family",6278,1985-09-08,Jeremy Kagan
184,tt0089755,2018-05-11,2018-05-11,"For 1985
Nominee: [link=nm0134382]",Out of Africa,https://www.imdb.com/title/tt0089755/,movie,7.1,161,1985,"Biography, Drama, Romance",80480,1985-12-10,Sydney Pollack
185,tt0089841,2018-05-11,2018-05-11,"For 1985
Nominee: [link=nm0232466]",Prizzi's Honor,https://www.imdb.com/title/tt0089841/,movie,6.7,130,1985,"Comedy, Crime, Drama, Romance",24898,1985-06-13,John Huston
186,tt0086879,2018-05-11,2018-05-11,"For 1984
[b]Won by [link=nm0685551][/b]",Amadeus,https://www.imdb.com/title/tt0086879/,movie,8.4,160,1984,"Biography, Drama, Music",400486,1984-09-06,Milos Forman
187,tt0086837,2018-05-11,2018-05-11,"For 1984
Nominee: [link=nm0635876]",2010: The Year We Make Contact,https://www.imdb.com/title/tt0086837/,movie,6.7,116,1984,"Adventure, Mystery, Sci-Fi, Thriller",53863,1984-12-07,Peter Hyams
188,tt0086992,2018-05-11,2018-05-11,"For 1984
Nominees: [link=nm0064746] and [link=nm0109149]",The Bostonians,https://www.imdb.com/title/tt0086992/,movie,6.2,122,1984,"Drama, Romance",2156,1984-05-31,James Ivory
189,tt0087892,2018-05-11,2018-05-11,"For 1984
Nominee: [link=nm0600844]",A Passage to India,https://www.imdb.com/title/tt0087892/,movie,7.3,164,1984,"Adventure, Drama, History",19153,1984-12-14,David Lean
190,tt0087921,2018-05-11,2018-05-11,"For 1984
Nominee: [link=nm0744778]",Places in the Heart,https://www.imdb.com/title/tt0087921/,movie,7.4,111,1984,Drama,12313,1984-09-11,Robert Benton
191,tt0083922,2018-05-11,2018-05-11,"For 1983
[b]Won by [link=nm0903623][/b]",Fanny och Alexander,https://www.imdb.com/title/tt0083922/,movie,8.1,188,1982,Drama,64001,1982-12-17,Ingmar Bergman
192,tt0085380,2018-05-11,2018-05-11,"For 1983
Nominee: [link=nm0867001]",Cross Creek,https://www.imdb.com/title/tt0085380/,movie,6.9,127,1983,"Biography, Drama, Romance",1865,1983-05-16,Martin Ritt
193,tt0085656,2018-05-11,2018-05-11,"For 1983
Nominee: [link=nm0857377]",Heart Like a Wheel,https://www.imdb.com/title/tt0085656/,movie,6.7,113,1983,"Biography, Drama, Romance, Sport",1460,1983-04-01,Jonathan Kaplan
194,tt0084589,2018-05-11,2018-05-11,"For 1983
Nominee: [link=nm0545365]",Le retour de Martin Guerre,https://www.imdb.com/title/tt0084589/,movie,7.4,112,1982,"Biography, Crime, Drama, History, Mystery, Romance",4494,1982-05-14,Daniel Vigne
195,tt0086637,2018-05-11,2018-05-11,"For 1983
Nominee: [link=nm0520288]",Zelig,https://www.imdb.com/title/tt0086637/,movie,7.7,79,1983,Comedy,42361,1983-07-15,Woody Allen
196,tt0083987,2018-05-11,2018-05-11,"For 1982
[b]Won by [link=nm0597087] and [link=nm0040390][/b]",Gandhi,https://www.imdb.com/title/tt0083987/,movie,8.1,191,1982,"Biography, Drama",231969,1982-11-30,Richard Attenborough
197,tt0084821,2018-05-11,2018-05-11,"For 1982
Nominee: [link=nm0869200]",La traviata,https://www.imdb.com/title/tt0084821/,movie,7.7,109,1982,"Drama, Music",1438,1982-12-10,Franco Zeffirelli
198,tt0084707,2018-05-11,2018-05-11,"For 1982
Nominee: [link=nm0938717]",Sophie's Choice,https://www.imdb.com/title/tt0084707/,movie,7.5,150,1982,"Drama, Romance",48624,1982-12-08,Alan J. Pakula
199,tt0084827,2018-05-11,2018-05-11,"For 1982
Nominees: [link=nm0421784] and [link=nm0636287]",TRON,https://www.imdb.com/title/tt0084827/,movie,6.7,96,1982,"Action, Adventure, Sci-Fi",122373,1982-07-09,Steven Lisberger
200,tt0084865,2018-05-11,2018-05-11,"For 1982
Nominee: [link=nm0635876]",Victor/Victoria,https://www.imdb.com/title/tt0084865/,movie,7.6,134,1982,"Comedy, Music, Romance",21996,1982-03-16,Blake Edwards
201,tt0082158,2018-05-11,2018-05-11,"For 1981
[b]Won by [link=nm0134382][/b]",Chariots of Fire,https://www.imdb.com/title/tt0082158/,movie,7.1,125,1981,"Biography, Drama, Sport",60891,1981-03-30,Hugh Hudson
202,tt0082416,2018-05-11,2018-05-11,"For 1981
Nominee: [link=nm0709497]",The French Lieutenant's Woman,https://www.imdb.com/title/tt0082416/,movie,6.9,124,1981,"Drama, Romance",13859,1981-09-18,Karel Reisz
203,tt0082894,2018-05-11,2018-05-11,"For 1981
Nominee: [link=nm0533496]",Pennies from Heaven,https://www.imdb.com/title/tt0082894/,movie,6.5,108,1981,"Drama, Musical, Romance",5843,1981-12-11,Herbert Ross
204,tt0082970,2018-05-11,2018-05-11,"For 1981
Nominee: [link=nm0426895]",Ragtime,https://www.imdb.com/title/tt0082970/,movie,7.3,155,1981,Drama,9858,1981-11-20,Milos Forman
205,tt0082979,2018-05-11,2018-05-11,"For 1981
Nominee: [link=nm0751455]",Reds,https://www.imdb.com/title/tt0082979/,movie,7.3,195,1981,"Biography, Drama, History, Romance",23158,1981-12-03,Warren Beatty
206,tt0080009,2018-05-11,2018-05-11,"For 1980
[b]Won by [link=nm0694018][/b]",Tess,https://www.imdb.com/title/tt0080009/,movie,7.3,186,1979,"Drama, Romance",16904,1979-10-25,Roman Polanski
207,tt0080678,2018-05-11,2018-05-11,"For 1980
Nominee: [link=nm0635876]",The Elephant Man,https://www.imdb.com/title/tt0080678/,movie,8.2,124,1980,"Biography, Drama",241294,1980-10-02,David Lynch
208,tt0079596,2018-05-11,2018-05-11,"For 1980
Nominee: [link=nm0784323]",My Brilliant Career,https://www.imdb.com/title/tt0079596/,movie,7.1,100,1979,"Biography, Drama, Romance",4431,1979-05-16,Gillian Armstrong
209,tt0081534,2018-05-11,2018-05-11,"For 1980
Nominee: [link=nm0233754]",Somewhere in Time,https://www.imdb.com/title/tt0081534/,movie,7.2,103,1980,"Drama, Fantasy, Romance",29975,1980-10-03,Jeannot Szwarc
210,tt0081747,2018-05-11,2018-05-11,"For 1980
Nominee: [link=nm0953665]",When Time Ran Out...,https://www.imdb.com/title/tt0081747/,movie,4.5,121,1980,"Action, Adventure, Drama, Thriller",2854,1980-03-28,James Goldstone
211,tt0078754,2018-05-11,2018-05-11,"For 1979
[b]Won by [link=nm0938717][/b]",All That Jazz,https://www.imdb.com/title/tt0078754/,movie,7.8,123,1979,"Drama, Music, Musical",32316,1979-12-16,Bob Fosse
212,tt0078736,2018-05-11,2018-05-11,"For 1979
Nominee: [link=nm0751455]",Agatha,https://www.imdb.com/title/tt0078736/,movie,6.2,105,1979,"Drama, Mystery, Thriller",3244,1979-02-09,Michael Apted
213,tt0078919,2018-05-11,2018-05-11,"For 1979
Nominee: [link=nm0857377]",Butch and Sundance: The Early Days,https://www.imdb.com/title/tt0078919/,movie,5.7,115,1979,"Comedy, Western",1533,1979-06-15,Richard Lester
214,tt0079123,2018-05-11,2018-05-11,"For 1979
Nominee: [link=nm0600844]",The Europeans,https://www.imdb.com/title/tt0079123/,movie,6.2,90,1979,"Drama, Romance",1038,1979-05-15,James Ivory
215,tt0077288,2018-05-11,2018-05-11,"For 1979
Nominees: [link=nm0869200] and [link=nm0200464]",La Cage aux folles,https://www.imdb.com/title/tt0077288/,movie,7.2,97,1978,Comedy,11023,1978-10-20,Édouard Molinaro
216,tt0077413,2018-05-11,2018-05-11,"For 1978
[b]Won by [link=nm0694018][/b]",Death on the Nile,https://www.imdb.com/title/tt0077413/,movie,7.2,140,1978,"Crime, Drama, Mystery",35026,1978-09-29,John Guillermin
217,tt0077296,2018-05-11,2018-05-11,"For 1978
Nominee: [link=nm0174800]",Caravans,https://www.imdb.com/title/tt0077296/,movie,6.0,127,1978,"Action, Adventure, History",1041,1978-11-02,James Fargo
218,tt0077405,2018-05-11,2018-05-11,"For 1978
Nominee: [link=nm0635876]",Days of Heaven,https://www.imdb.com/title/tt0077405/,movie,7.8,94,1978,"Drama, Romance",58621,1978-09-13,Terrence Malick
219,tt0078350,2018-05-11,2018-05-11,"For 1978
Nominee: [link=nm0953665]",The Swarm,https://www.imdb.com/title/tt0078350/,movie,4.5,116,1978,"Horror, Thriller",7877,1978-07-14,Irwin Allen
220,tt0078504,2018-05-11,2018-05-11,"For 1978
Nominee: [link=nm0910589]",The Wiz,https://www.imdb.com/title/tt0078504/,movie,5.4,134,1978,"Adventure, Family, Fantasy, Musical",15449,1978-10-24,Sidney Lumet
221,tt0076759,2018-05-11,2018-05-11,"For 1977
[b]Won by [link=nm0597087][/b]",Star Wars,https://www.imdb.com/title/tt0076759/,movie,8.6,121,1977,"Action, Adventure, Fantasy, Sci-Fi",1356868,1977-05-25,George Lucas
222,tt0075648,2018-05-11,2018-05-11,"For 1977
Nominees: [link=nm0372128] and [link=nm0588018]",Airport '77,https://www.imdb.com/title/tt0075648/,movie,5.7,114,1977,"Action, Drama, Thriller",10940,1977-03-11,Jerry Jameson
223,tt0076245,2018-05-11,2018-05-11,"For 1977
Nominee: [link=nm0843123]",Julia,https://www.imdb.com/title/tt0076245/,movie,7.1,117,1977,Drama,9845,1977-10-02,Fred Zinnemann
224,tt0076319,2018-05-11,2018-05-11,"For 1977
Nominee: [link=nm0460108]",A Little Night Music,https://www.imdb.com/title/tt0076319/,movie,5.5,124,1977,"Comedy, Musical, Romance",848,1977-09-05,Harold Prince
225,tt0076507,2018-05-11,2018-05-11,"For 1977
Nominee: [link=nm0788695]",The Other Side of Midnight,https://www.imdb.com/title/tt0076507/,movie,6.1,165,1977,"Drama, Romance, Thriller",1793,1977-06-08,Charles Jarrott
226,tt0074291,2018-05-11,2018-05-11,"For 1976
[b]Won by [link=nm0232219][/b]",Il Casanova di Federico Fellini,https://www.imdb.com/title/tt0074291/,movie,7.0,155,1976,"Biography, Drama, History, Romance",8083,1976-12-07,Federico Fellini
227,tt0074235,2018-05-11,2018-05-11,"For 1976
Nominee: [link=nm0857377]",Bound for Glory,https://www.imdb.com/title/tt0074235/,movie,7.3,147,1976,"Biography, Drama, Music",5276,1976-12-05,Hal Ashby
228,tt0074678,2018-05-11,2018-05-11,"For 1976
Nominee: [link=nm0579162]",The Incredible Sarah,https://www.imdb.com/title/tt0074678/,movie,5.5,106,1976,"Biography, Drama, History",219,1976-11-05,Richard Fleischer
229,tt0075043,2018-05-11,2018-05-11,"For 1976
Nominee: [link=nm0932683]",The Passover Plot,https://www.imdb.com/title/tt0075043/,movie,4.5,108,1976,Drama,129,1976-10-29,Michael Campus
230,tt0075194,2018-05-11,2018-05-11,"For 1976
Nominee: [link=nm0057049]",The Seven-Per-Cent Solution,https://www.imdb.com/title/tt0075194/,movie,6.6,113,1976,"Adventure, Comedy, Crime, Drama, Mystery, Thriller",4663,1976-10-24,Herbert Ross
231,tt0072684,2018-05-11,2018-05-11,"For 1975
[b]Won by [link=nm0845523] and [link=nm0134382][/b]",Barry Lyndon,https://www.imdb.com/title/tt0072684/,movie,8.1,185,1975,"Adventure, Drama, War",168167,1975-12-11,Stanley Kubrick
232,tt0073012,2018-05-11,2018-05-11,"For 1975
Nominees: [link=nm0086762] and [link=nm0848309]",The Four Musketeers,https://www.imdb.com/title/tt0073012/,movie,6.9,108,1974,"Adventure, History",10813,1974-10-31,Richard Lester
233,tt0073026,2018-05-11,2018-05-11,"For 1975
Nominees: [link=nm0013036] and [link=nm0533496]",Funny Lady,https://www.imdb.com/title/tt0073026/,movie,6.2,136,1975,"Biography, Comedy, Drama, Musical, Romance",5583,1975-03-15,Herbert Ross
234,tt0073822,2018-05-11,2018-05-11,"For 1975
Nominees: [link=nm0635269] and [link=nm0259851]",Trollflöjten,https://www.imdb.com/title/tt0073822/,movie,7.5,135,1975,"Comedy, Fantasy, Music, Romance",4854,1975-01-01,Ingmar Bergman
235,tt0073341,2018-05-11,2018-05-11,"For 1975
Nominee: [link=nm0372128]",The Man Who Would Be King,https://www.imdb.com/title/tt0073341/,movie,7.8,129,1975,"Adventure, History, War",49382,1975-11-27,John Huston
236,tt0071577,2018-05-11,2018-05-11,"For 1974
[b]Won by [link=nm0017649][/b]",The Great Gatsby,https://www.imdb.com/title/tt0071577/,movie,6.4,144,1974,"Drama, Romance",25327,1974-03-27,Jack Clayton
237,tt0071315,2018-05-11,2018-05-11,"For 1974
Nominee: [link=nm0843123]",Chinatown,https://www.imdb.com/title/tt0071315/,movie,8.2,130,1974,"Drama, Mystery, Thriller",326572,1974-06-19,Roman Polanski
238,tt0071385,2018-05-11,2018-05-11,"For 1974
Nominee: [link=nm0299054]",Daisy Miller,https://www.imdb.com/title/tt0071385/,movie,6.3,91,1974,"Comedy, Drama, Romance",1528,1974-05-22,Peter Bogdanovich
239,tt0071562,2018-05-11,2018-05-11,"For 1974
Nominee: [link=nm0887916]",The Godfather Part II,https://www.imdb.com/title/tt0071562/,movie,9.0,202,1974,"Crime, Drama",1262355,1974-12-12,Francis Ford Coppola
240,tt0071877,2018-05-11,2018-05-11,"For 1974
Nominee: [link=nm0910589]",Murder on the Orient Express,https://www.imdb.com/title/tt0071877/,movie,7.3,128,1974,"Crime, Drama, Mystery",62863,1974-11-21,Sidney Lumet
241,tt0070735,2018-05-11,2018-05-11,"For 1973
[b]Won by [link=nm0372128][/b]",The Sting,https://www.imdb.com/title/tt0070735/,movie,8.3,129,1973,"Comedy, Crime, Drama",262244,1973-12-25,George Roy Hill
242,tt0069467,2018-05-11,2018-05-11,"For 1973
Nominee: [link=nm0903623]",Viskningar och rop,https://www.imdb.com/title/tt0069467/,movie,8.0,91,1972,Drama,34466,1972-12-21,Ingmar Bergman
243,tt0068883,2018-05-11,2018-05-11,"For 1973
Nominee: [link=nm0869200]",Ludwig,https://www.imdb.com/title/tt0068883/,movie,7.6,238,1973,"Biography, Drama, History",5165,1973-01-18,Luchino Visconti
244,tt0070814,2018-05-11,2018-05-11,"For 1973
Nominee: [link=nm0232466]",Tom Sawyer,https://www.imdb.com/title/tt0070814/,movie,6.5,103,1973,"Adventure, Musical, Family",2300,1973-03-14,Don Taylor
245,tt0070903,2018-05-11,2018-05-11,"For 1973
Nominees: [link=nm0419820] and [link=nm0531117]",The Way We Were,https://www.imdb.com/title/tt0070903/,movie,7.0,118,1973,"Drama, Romance",25472,1973-10-16,Sydney Pollack
246,tt0069404,2018-05-11,2018-05-11,"For 1972
[b]Won by [link=nm0694018][/b]",Travels with My Aunt,https://www.imdb.com/title/tt0069404/,movie,6.3,108,1972,"Adventure, Comedy",2297,1972-12-17,George Cukor
247,tt0068646,2018-05-11,2018-05-11,"For 1972
Nominee: [link=nm0426895]",The Godfather,https://www.imdb.com/title/tt0068646/,movie,9.2,175,1972,"Crime, Drama",1842581,1972-03-14,Francis Ford Coppola
248,tt0068828,2018-05-11,2018-05-11,"For 1972
Nominees: [link=nm0533496], [link=nm0013036], and [link=nm0462382]",Lady Sings the Blues,https://www.imdb.com/title/tt0068828/,movie,7.0,144,1972,"Biography, Drama, Music, Romance",4476,1972-10-12,Sidney J. Furie
249,tt0069113,2018-05-11,2018-05-11,"For 1972
Nominee: [link=nm0953665]",The Poseidon Adventure,https://www.imdb.com/title/tt0069113/,movie,7.1,117,1972,"Action, Adventure, Drama, Thriller",45896,1972-12-12,Ronald Neame
250,tt0069528,2018-05-11,2018-05-11,"For 1972
Nominee: [link=nm0579162]",Young Winston,https://www.imdb.com/title/tt0069528/,movie,6.7,157,1972,"Biography, Drama, War",2615,1972-07-20,Richard Attenborough
251,tt0067483,2018-05-11,2018-05-11,"For 1971
[b]Won by [link=nm0086762] and [link=nm0145016][/b]",Nicholas and Alexandra,https://www.imdb.com/title/tt0067483/,movie,7.2,183,1971,"Biography, Drama, History, War",5082,1971-11-29,Franklin J. Schaffner
252,tt0066817,2018-05-11,2018-05-11,"For 1971
Nominee: [link=nm0858528]",Bedknobs and Broomsticks,https://www.imdb.com/title/tt0066817/,movie,7.0,117,1971,"Animation, Adventure, Comedy, Family, Fantasy, Musical",38325,1971-10-07,"Ward Kimball, Robert Stevenson"
253,tt0067445,2018-05-11,2018-05-11,"For 1971
Nominee: [link=nm0869200]",Morte a Venezia,https://www.imdb.com/title/tt0067445/,movie,7.4,130,1971,"Drama, Romance",21411,1971-03-01,Luchino Visconti
254,tt0067402,2018-05-11,2018-05-11,"For 1971
Nominee: [link=nm0299094]","Mary, Queen of Scots",https://www.imdb.com/title/tt0067402/,movie,7.1,128,1971,"Biography, Drama, History",4453,1971-12-22,Charles Jarrott
255,tt0067975,2018-05-11,2018-05-11,"For 1971
Nominee: [link=nm0351736]",What's the Matter with Helen?,https://www.imdb.com/title/tt0067975/,movie,6.3,101,1971,"Crime, Horror, Musical, Mystery, Thriller",2066,1971-06-26,Curtis Harrington
256,tt0065593,2018-05-11,2018-05-11,"For 1970
[b]Won by [link=nm0636973][/b]",Cromwell,https://www.imdb.com/title/tt0065593/,movie,6.9,139,1970,"Biography, Drama, History, War",6292,1970-07-16,Ken Hughes
257,tt0065377,2018-05-11,2018-05-11,"For 1970
Nominee: [link=nm0372128]",Airport,https://www.imdb.com/title/tt0065377/,movie,6.6,137,1970,"Action, Drama, Thriller",19404,1970-03-05,"George Seaton, Henry Hathaway"
258,tt0065611,2018-05-11,2018-05-11,"For 1970
Nominees: [link=nm0111965] and [link=nm0063845]",Darling Lili,https://www.imdb.com/title/tt0065611/,movie,6.1,136,1970,"Comedy, Drama, Musical, Romance, War",2240,1970-06-18,Blake Edwards
259,tt0065820,2018-05-11,2018-05-11,"For 1970
Nominee: [link=nm0858528]",The Hawaiians,https://www.imdb.com/title/tt0065820/,movie,6.1,134,1970,"Adventure, Drama",1223,1970-06-17,Tom Gries
260,tt0066344,2018-05-11,2018-05-11,"For 1970
Nominee: [link=nm0299094]",Scrooge,https://www.imdb.com/title/tt0066344/,movie,7.5,113,1970,"Drama, Family, Fantasy, Musical, Romance, Thriller",10970,1970-11-05,Ronald Neame
261,tt0064030,2018-05-11,2018-05-11,"For 1969
[b]Won by [link=nm0299094][/b]",Anne of the Thousand Days,https://www.imdb.com/title/tt0064030/,movie,7.4,145,1969,"Biography, Drama, History",7611,1969-12-18,Charles Jarrott
262,tt0064357,2018-05-11,2018-05-11,"For 1969
Nominee: [link=nm0013036]","Gaily, Gaily",https://www.imdb.com/title/tt0064357/,movie,5.4,107,1969,Comedy,387,1969-12-16,Norman Jewison
263,tt0064418,2018-05-11,2018-05-11,"For 1969
Nominee: [link=nm0788695]","Hello, Dolly!",https://www.imdb.com/title/tt0064418/,movie,7.0,146,1969,"Adventure, Comedy, Musical, Romance",15619,1969-12-16,Gene Kelly
264,tt0065054,2018-05-11,2018-05-11,"For 1969
Nominee: [link=nm0372128]",Sweet Charity,https://www.imdb.com/title/tt0065054/,movie,6.9,149,1969,"Comedy, Drama, Music, Musical, Romance",6042,1969-02-14,Bob Fosse
265,tt0065088,2018-05-11,2018-05-11,"For 1969
Nominee: [link=nm0232466]","They Shoot Horses, Don't They?",https://www.imdb.com/title/tt0065088/,movie,7.8,129,1969,Drama,19425,1969-12-10,Sydney Pollack
266,tt0063518,2018-05-11,2018-05-11,"For 1968
[b]Won by [link=nm0232219][/b]",Romeo and Juliet,https://www.imdb.com/title/tt0063518/,movie,7.6,138,1968,"Drama, Romance",32064,1968-03-04,Franco Zeffirelli
267,tt0063227,2018-05-11,2018-05-11,"For 1968
Nominee: [link=nm0299094]",The Lion in Winter,https://www.imdb.com/title/tt0063227/,movie,7.9,134,1968,"Biography, Drama, History",31776,1968-10-30,Anthony Harvey
268,tt0063385,2018-05-11,2018-05-11,"For 1968
Nominee: [link=nm0198335]",Oliver!,https://www.imdb.com/title/tt0063385/,movie,7.4,153,1968,"Drama, Family, Musical",38744,1968-09-26,Carol Reed
269,tt0063442,2018-05-11,2018-05-11,"For 1968
Nominee: [link=nm0351736]",Planet of the Apes,https://www.imdb.com/title/tt0063442/,movie,8.0,112,1968,"Adventure, Sci-Fi",180754,1968-02-08,Franklin J. Schaffner
270,tt0063642,2018-05-11,2018-05-11,"For 1968
Nominee: [link=nm0111965]",Star!,https://www.imdb.com/title/tt0063642/,movie,6.4,176,1968,"Biography, Comedy, Drama, History, Musical, Romance",2145,1968-07-18,Robert Wise
271,tt0061439,2018-05-11,2018-05-11,"For 1967
[b]Won by [link=nm0874405][/b]",Camelot,https://www.imdb.com/title/tt0061439/,movie,6.5,179,1967,"Adventure, Comedy, Drama, Fantasy, Musical, Romance",6860,1967-10-25,Joshua Logan
272,tt0061418,2018-05-11,2018-05-11,"For 1967
Nominee: [link=nm0887916]",Bonnie and Clyde,https://www.imdb.com/title/tt0061418/,movie,7.7,111,1967,"Action, Biography, Crime, Drama",113637,1967-08-04,Arthur Penn
273,tt0061749,2018-05-11,2018-05-11,"For 1967
Nominee: [link=nm0858528]",The Happiest Millionaire,https://www.imdb.com/title/tt0061749/,movie,6.6,141,1967,"Comedy, Family, Musical, Romance",2218,1967-10-26,Norman Tokar
274,tt0061407,2018-05-11,2018-05-11,"For 1967
Nominees: [link=nm0788695] and [link=nm0232219]",The Taming of the Shrew,https://www.imdb.com/title/tt0061407/,movie,7.1,122,1967,"Comedy, Drama, Romance",8131,1967-02-27,Franco Zeffirelli
275,tt0062362,2018-05-11,2018-05-11,"For 1967
Nominee: [link=nm0521872]",Thoroughly Modern Millie,https://www.imdb.com/title/tt0062362/,movie,6.8,138,1967,"Comedy, Musical, Romance",6580,1967-03-21,George Roy Hill
276,tt0061184,2018-05-11,2018-05-11,"For 1966
[b](Black-and-White) Won by [link=nm0788695][/b]",Who's Afraid of Virginia Woolf?,https://www.imdb.com/title/tt0061184/,movie,8.0,131,1966,Drama,75752,1966-06-21,Mike Nichols
277,tt0058715,2018-05-11,2018-05-11,"For 1966
(Black-and-White) Nominee: [link=nm0232219]",Il vangelo secondo Matteo,https://www.imdb.com/title/tt0058715/,movie,7.7,137,1964,"Biography, Drama, History",12476,1964-09-04,Pier Paolo Pasolini
278,tt0059424,2018-05-11,2018-05-11,"For 1966
(Black-and-White) Nominee: [link=nm0232219]",La mandragola,https://www.imdb.com/title/tt0059424/,movie,6.4,100,1965,Comedy,286,1965-11-18,Alberto Lattuada
279,tt0059453,2018-05-11,2018-05-11,"For 1966
(Black-and-White) Nominee: [link=nm0741423]",Mister Buddwing,https://www.imdb.com/title/tt0059453/,movie,6.0,100,1966,Drama,1273,1966-07-15,Delbert Mann
280,tt0060714,2018-05-11,2018-05-11,"For 1966
(Black-and-White) Nominee: [link=nm0725454]",Morgan: A Suitable Case for Treatment,https://www.imdb.com/title/tt0060714/,movie,6.6,97,1966,"Comedy, Drama, Fantasy",2010,1966-04-04,Karel Reisz
281,tt0060665,2018-05-11,2018-05-11,"For 1966
[b](Color) Won by [link=nm0353111] and [link=nm0108663][/b]",A Man for All Seasons,https://www.imdb.com/title/tt0060665/,movie,7.7,120,1966,"Biography, Drama, History",34869,1966-12-12,Fred Zinnemann
282,tt0060445,2018-05-11,2018-05-11,"For 1966
(Color) Nominee: [link=nm0521872]",Gambit,https://www.imdb.com/title/tt0060445/,movie,7.1,109,1966,"Comedy, Crime, Thriller",5989,1966-12-16,Ronald Neame
283,tt0060491,2018-05-11,2018-05-11,"For 1966
(Color) Nominee: [link=nm0419820]",Hawaii,https://www.imdb.com/title/tt0060491/,movie,6.5,189,1966,Drama,3230,1966-10-10,"Arthur Hiller, George Roy Hill"
284,tt0059229,2018-05-11,2018-05-11,"For 1966
(Color) Nominee: [link=nm0315662]",Giulietta degli spiriti,https://www.imdb.com/title/tt0059229/,movie,7.5,137,1965,"Comedy, Drama, Fantasy",13838,1965-10-16,Federico Fellini
285,tt0060801,2018-05-11,2018-05-11,"For 1966
(Color) Nominee: [link=nm0372128]",The Oscar,https://www.imdb.com/title/tt0060801/,movie,5.3,119,1966,Drama,1265,1966-03-04,Russell Rouse
286,tt0059084,2018-05-11,2018-05-11,"For 1965
[b](Black-and-White) Won by [link=nm0364916][/b]",Darling,https://www.imdb.com/title/tt0059084/,movie,7.0,128,1965,"Drama, Romance",7104,1965-07-15,John Schlesinger
287,tt0059470,2018-05-11,2018-05-11,"For 1965
(Black-and-White) Nominee: [link=nm0531117]",Morituri,https://www.imdb.com/title/tt0059470/,movie,7.0,123,1965,"Action, Drama, Thriller, War",4078,1965-08-25,Bernhard Wicki
288,tt0059630,2018-05-11,2018-05-11,"For 1965
(Black-and-White) Nominee: [link=nm0795251]",A Rage to Live,https://www.imdb.com/title/tt0059630/,movie,6.2,101,1965,Drama,570,1965-10-20,Walter Grauman
289,tt0059712,2018-05-11,2018-05-11,"For 1965
(Black-and-White) Nominees: [link=nm0858528] and [link=nm0521872]",Ship of Fools,https://www.imdb.com/title/tt0059712/,movie,7.0,149,1965,"Drama, Romance, War",6238,1965-07-28,Stanley Kramer
290,tt0059729,2018-05-11,2018-05-11,"For 1966
(Black-and-White) Nominee: [link=nm0372128]",The Slender Thread,https://www.imdb.com/title/tt0059729/,movie,7.0,98,1965,Drama,2264,1965-12-08,Sydney Pollack
291,tt0059113,2018-05-11,2018-05-11,"For 1965
[b](Color) Won by [link=nm0198335][/b]",Doctor Zhivago,https://www.imdb.com/title/tt0059113/,movie,7.9,197,1965,"Drama, Romance, War",77079,1965-12-22,David Lean
292,tt0058886,2018-05-11,2018-05-11,"For 1965
(Color) Nominee: [link=nm0636973]",The Agony and the Ecstasy,https://www.imdb.com/title/tt0058886/,movie,7.1,138,1965,"Biography, Drama, History",7342,1965-09-16,Carol Reed
293,tt0059245,2018-05-11,2018-05-11,"For 1965
(Color) Nominees: [link=nm0636973] and [link=nm0078968]",The Greatest Story Ever Told,https://www.imdb.com/title/tt0059245/,movie,6.5,260,1965,"Biography, Drama, History",10591,1965-02-15,"George Stevens, Jean Negulesco, David Lean"
294,tt0059314,2018-05-11,2018-05-11,"For 1965
(Color) Nominees: [link=nm0372128] and [link=nm0858528]",Inside Daisy Clover,https://www.imdb.com/title/tt0059314/,movie,6.2,128,1965,"Drama, Music, Romance",3899,1965-12-22,Robert Mulligan
295,tt0059742,2018-05-11,2018-05-11,"For 1965
(Color) Nominee: [link=nm0419820]",The Sound of Music,https://www.imdb.com/title/tt0059742/,movie,8.1,172,1965,"Biography, Drama, Family, Musical, Romance",234230,1965-03-02,Robert Wise
296,tt0058404,2018-05-11,2018-05-11,"For 1964
[b](Black-and-White) Won by [link=nm0419820][/b]",The Night of the Iguana,https://www.imdb.com/title/tt0058404/,movie,7.6,125,1964,Drama,11884,1964-06-09,John Huston
297,tt0058209,2018-05-11,2018-05-11,"For 1964
(Black-and-White) Nominee: [link=nm0372128]",A House Is Not a Home,https://www.imdb.com/title/tt0058209/,movie,5.9,98,1964,"Crime, Drama, History",227,1964-08-12,Russell Rouse
298,tt0058213,2018-05-11,2018-05-11,"For 1964
(Black-and-White) Nominee: [link=nm0462382]","Hush...Hush, Sweet Charlotte",https://www.imdb.com/title/tt0058213/,movie,7.5,133,1964,"Crime, Drama, Mystery, Thriller",14795,1964-12-16,Robert Aldrich
299,tt0058266,2018-05-11,2018-05-11,"For 1964
(Black-and-White) Nominee: [link=nm0795251]",Kisses for My President,https://www.imdb.com/title/tt0058266/,movie,5.5,113,1964,Comedy,641,1964-08-21,Curtis Bernhardt
300,tt0058724,2018-05-11,2018-05-11,"For 1964
(Black-and-White) Nominee: [link=nm0399484]",The Visit,https://www.imdb.com/title/tt0058724/,movie,7.4,100,1964,Drama,1803,1964-05-06,Bernhard Wicki
301,tt0058385,2018-05-11,2018-05-11,"For 1964
[b](Color) Won by [link=nm0064100][/b]",My Fair Lady,https://www.imdb.com/title/tt0058385/,movie,7.8,170,1964,"Drama, Family, Musical, Romance",95990,1964-10-21,George Cukor
302,tt0057877,2018-05-11,2018-05-11,"For 1964
(Color) Nominee: [link=nm0299094]",Becket,https://www.imdb.com/title/tt0057877/,movie,7.8,148,1964,"Biography, Drama, History",14850,1964-03-11,Peter Glenville
303,tt0058331,2018-05-11,2018-05-11,"For 1964
(Color) Nominee: [link=nm0910589]",Mary Poppins,https://www.imdb.com/title/tt0058331/,movie,7.8,139,1964,"Comedy, Family, Fantasy, Musical",173191,1964-08-27,Robert Stevenson
304,tt0058708,2018-05-11,2018-05-11,"For 1964
(Color) Nominee: [link=nm0351736]",The Unsinkable Molly Brown,https://www.imdb.com/title/tt0058708/,movie,6.6,128,1964,"Comedy, Musical, Romance, Western",3860,1964-06-11,Charles Walters
305,tt0058743,2018-05-11,2018-05-11,"For 1964
(Color) Nominees: [link=nm0372128] and [link=nm0531117]",What a Way to Go!,https://www.imdb.com/title/tt0058743/,movie,6.9,111,1964,"Comedy, Romance",5052,1964-05-13,J. Lee Thompson
306,tt0056801,2018-05-11,2018-05-11,"For 1963
[b](Black-and-White) Won by [link=nm0315662][/b]",8½,https://www.imdb.com/title/tt0056801/,movie,8.0,138,1963,Drama,118375,1963-01-02,Federico Fellini
307,tt0057263,2018-05-11,2018-05-11,"For 1963
(Black-and-White) Nominee: [link=nm0372128]",Love with the Proper Stranger,https://www.imdb.com/title/tt0057263/,movie,7.3,102,1963,"Comedy, Drama, Romance",5020,1963-12-25,Robert Mulligan
308,tt0057537,2018-05-11,2018-05-11,"For 1963
(Black-and-White) Nominee: [link=nm0871359]",The Stripper,https://www.imdb.com/title/tt0057537/,movie,6.7,95,1963,"Drama, Romance",401,1963-06-14,Franklin J. Schaffner
309,tt0057598,2018-05-11,2018-05-11,"For 1963
(Black-and-White) Nominee: [link=nm0858528]",Toys in the Attic,https://www.imdb.com/title/tt0057598/,movie,6.7,90,1963,Drama,1197,1963-06-30,George Roy Hill
310,tt0057688,2018-05-11,2018-05-11,"For 1963
(Black-and-White) Nominee: [link=nm0372128]",Wives and Lovers,https://www.imdb.com/title/tt0057688/,movie,5.9,103,1963,"Comedy, Romance",270,1963-08-28,John Rich
311,tt0056937,2018-05-11,2018-05-11,"For 1963
[b](Color) Won by [link=nm0788695], [link=nm0636973], and [link=nm0174800][/b]",Cleopatra,https://www.imdb.com/title/tt0056937/,movie,7.0,192,1963,"Biography, Drama, History, Romance",33733,1963-06-12,Joseph L. Mankiewicz
312,tt0056907,2018-05-11,2018-05-11,"For 1963
(Color) Nominee: [link=nm0111965]",The Cardinal,https://www.imdb.com/title/tt0056907/,movie,6.7,175,1963,"Drama, History, War",2697,1963-12-12,Otto Preminger
313,tt0056085,2018-05-11,2018-05-11,"For 1963
(Color) Nominee: [link=nm0687703]",How the West Was Won,https://www.imdb.com/title/tt0056085/,movie,7.0,164,1962,Western,21206,1962-11-01,"George Marshall, John Ford, Henry Hathaway, Richard Thorpe"
314,tt0057091,2018-05-11,2018-05-11,"For 1963
(Color) Nominee: [link=nm0869200]",Il gattopardo,https://www.imdb.com/title/tt0057091/,movie,8.0,186,1963,"Drama, History",26245,1963-01-02,Luchino Visconti
315,tt0057360,2018-05-11,2018-05-11,"For 1963
(Color) Nominee: [link=nm0372128]",A New Kind of Love,https://www.imdb.com/title/tt0057360/,movie,5.8,110,1963,"Comedy, Romance",1482,1963-10-10,Melville Shavelson
316,tt0056687,2018-05-11,2018-05-11,"For 1962
[b](Black-and-White) Won by [link=nm0462382][/b]",What Ever Happened to Baby Jane?,https://www.imdb.com/title/tt0056687/,movie,8.0,134,1962,"Drama, Horror, Thriller",57015,1962-10-12,Robert Aldrich
317,tt0055895,2018-05-11,2018-05-11,"For 1962
(Black-and-White) Nominee: [link=nm0232466]",Days of Wine and Roses,https://www.imdb.com/title/tt0055895/,movie,7.8,117,1962,Drama,13069,1962-12-25,Blake Edwards
318,tt0056217,2018-05-11,2018-05-11,"For 1962
(Black-and-White) Nominee: [link=nm0372128]",The Man Who Shot Liberty Valance,https://www.imdb.com/title/tt0056217/,movie,8.1,123,1962,"Drama, Western",76539,1962-04-13,John Ford
319,tt0056241,2018-05-11,2018-05-11,"For 1962
(Black-and-White) Nominee: [link=nm0605926]",The Miracle Worker,https://www.imdb.com/title/tt0056241/,movie,8.1,106,1962,"Biography, Drama",19054,1962-05-23,Arthur Penn
320,tt0056346,2018-05-11,2018-05-11,"For 1962
(Black-and-White) Nominee: [link=nm0017649]",Phaedra,https://www.imdb.com/title/tt0056346/,movie,6.8,115,1962,Drama,1677,1962-05-25,Jules Dassin
321,tt0056700,2018-05-11,2018-05-11,"For 1962
[b](Color) Won by [link=nm0932683][/b]",The Wonderful World of the Brothers Grimm,https://www.imdb.com/title/tt0056700/,movie,6.4,135,1962,"Animation, Adventure, Biography, Comedy, Drama, Family, Fantasy, Musical, Romance",1861,1962-08-07,"George Pal, Henry Levin"
322,tt0055807,2018-05-11,2018-05-11,"For 1962
(Color) Nominee: [link=nm0858528]",Bon Voyage!,https://www.imdb.com/title/tt0055807/,movie,5.7,130,1962,"Adventure, Comedy, Drama, Family, Romance",704,1962-05-17,James Neilson
323,tt0056048,2018-05-11,2018-05-11,"For 1962
(Color) Nominee: [link=nm0650673]",Gypsy,https://www.imdb.com/title/tt0056048/,movie,7.1,143,1962,"Biography, Comedy, Drama, Musical",6486,1962-11-01,Mervyn LeRoy
324,tt0056262,2018-05-11,2018-05-11,"For 1962
(Color) Nominee: [link=nm0419820]",The Music Man,https://www.imdb.com/title/tt0056262/,movie,7.8,151,1962,"Comedy, Family, Musical, Romance",17702,1962-06-19,Morton DaCosta
325,tt0056267,2018-05-11,2018-05-11,"For 1962
(Color) Nominee: [link=nm0372128]",My Geisha,https://www.imdb.com/title/tt0056267/,movie,6.5,119,1962,"Comedy, Drama, Romance",1485,1962-01-18,Jack Cardiff
326,tt0053779,2018-05-11,2018-05-11,"For 1961
[b](Black-and-White) Won by [link=nm0315662][/b]",La dolce vita,https://www.imdb.com/title/tt0053779/,movie,8.0,174,1960,"Comedy, Drama",73638,1960-02-03,Federico Fellini
327,tt0054743,2018-05-11,2018-05-11,"For 1961
(Black-and-White) Nominee: [link=nm0419820]",The Children's Hour,https://www.imdb.com/title/tt0054743/,movie,7.8,108,1961,"Drama, Romance",16825,1961-12-19,William Wyler
328,tt0054752,2018-05-11,2018-05-11,"For 1961
(Black-and-White) Nominee: [link=nm0795251]",Claudelle Inglish,https://www.imdb.com/title/tt0054752/,movie,6.0,99,1961,Drama,335,1961-09-20,Gordon Douglas
329,tt0055031,2018-05-11,2018-05-11,"For 1961
(Black-and-White) Nominee: [link=nm0521872]",Judgment at Nuremberg,https://www.imdb.com/title/tt0055031/,movie,8.3,179,1961,"Drama, War",77994,1961-12-14,Stanley Kramer
330,tt0055630,2018-05-11,2018-05-11,"For 1961
(Black-and-White) Nominee: [link=nm0613499]",Yôjinbô,https://www.imdb.com/title/tt0055630/,movie,8.2,110,1961,"Action, Drama, Thriller",123269,1961-04-25,Akira Kurosawa
331,tt0055614,2018-05-11,2018-05-11,"For 1961
[b](Color) Won by [link=nm0788695][/b]",West Side Story,https://www.imdb.com/title/tt0055614/,movie,7.6,153,1961,"Crime, Drama, Musical, Romance",114521,1961-10-18,"Jerome Robbins, Robert Wise"
332,tt0054649,2018-05-11,2018-05-11,"For 1961
(Color) Nominee: [link=nm0858528]",Babes in Toyland,https://www.imdb.com/title/tt0054649/,movie,6.1,106,1961,"Comedy, Family, Fantasy, Musical, Romance",4299,1961-12-14,Jack Donohue
333,tt0054653,2018-05-11,2018-05-11,"For 1961
(Color) Nominee: [link=nm0521872]",Back Street,https://www.imdb.com/title/tt0054653/,movie,6.6,107,1961,Drama,1191,1961-10-12,David Miller
334,tt0054885,2018-05-11,2018-05-11,"For 1961
(Color) Nominee: [link=nm0788695]",Flower Drum Song,https://www.imdb.com/title/tt0054885/,movie,6.9,133,1961,"Comedy, Musical, Romance",3245,1961-11-09,Henry Koster
335,tt0055312,2018-05-11,2018-05-11,"For 1961
(Color) Nominees: [link=nm0372128] and [link=nm0687703]",Pocketful of Miracles,https://www.imdb.com/title/tt0055312/,movie,7.1,136,1961,"Comedy, Drama",7208,1961-12-18,Frank Capra
336,tt0053810,2018-05-11,2018-05-11,"For 1960
[b](Black-and-White) Won by [link=nm0372128] and [link=nm0828926][/b]",The Facts of Life,https://www.imdb.com/title/tt0053810/,movie,6.4,103,1960,"Comedy, Drama, Romance",1598,1960-11-14,Melvin Frank
337,tt0054198,2018-05-11,2018-05-11,"For 1960
(Black-and-White) Nominee: [link=nm0017649]",Pote tin Kyriaki,https://www.imdb.com/title/tt0054198/,movie,7.3,91,1960,"Comedy, Drama, Romance",5820,1960-05-25,Jules Dassin
338,tt0054243,2018-05-11,2018-05-11,"For 1960
(Black-and-White) Nominee: [link=nm0795251]",The Rise and Fall of Legs Diamond,https://www.imdb.com/title/tt0054243/,movie,6.8,101,1960,"Biography, Crime, History",1205,1960-02-03,Budd Boetticher
339,tt0054295,2018-05-11,2018-05-11,"For 1960
(Black-and-White) Nominee: [link=nm0858528]",Seven Thieves,https://www.imdb.com/title/tt0054295/,movie,6.5,102,1960,"Crime, Drama",1498,1960-03-11,Henry Hathaway
340,tt0053976,2018-05-11,2018-05-11,"For 1960
(Black-and-White) Nominee: [link=nm0903623]",Jungfrukällan,https://www.imdb.com/title/tt0053976/,movie,8.1,89,1960,Drama,29563,1960-02-08,Ingmar Bergman
341,tt0054331,2018-05-11,2018-05-11,"For 1960
[b](Color) Won by [link=nm0885049] and [link=nm0858528][/b]",Spartacus,https://www.imdb.com/title/tt0054331/,movie,7.9,197,1960,"Adventure, Biography, Drama, History, War",135502,1960-10-06,Stanley Kubrick
342,tt0053690,2018-05-11,2018-05-11,"For 1960
(Color) Nominee: [link=nm0788695]",Can-Can,https://www.imdb.com/title/tt0053690/,movie,6.3,131,1960,"Comedy, Musical",2361,1960-03-09,Walter Lang
343,tt0054084,2018-05-11,2018-05-11,"For 1960
(Color) Nominee: [link=nm0409898]",Midnight Lace,https://www.imdb.com/title/tt0054084/,movie,6.7,103,1960,"Drama, Mystery, Thriller",5456,1960-10-13,David Miller
344,tt0054172,2018-05-11,2018-05-11,"For 1960
(Color) Nominee: [link=nm0372128]",Pepe,https://www.imdb.com/title/tt0054172/,movie,5.4,180,1960,"Comedy, Musical",1052,1960-12-21,George Sidney
345,tt0054354,2018-05-11,2018-05-11,"For 1960
(Color) Nominee: [link=nm0078968]",Sunrise at Campobello,https://www.imdb.com/title/tt0054354/,movie,6.9,144,1960,"Biography, Drama",1336,1960-09-26,Vincent J. Donehue
346,tt0053291,2018-05-11,2018-05-11,"For 1959
[b](Black-and-White) Won by [link=nm0650673][/b]",Some Like It Hot,https://www.imdb.com/title/tt0053291/,movie,8.2,121,1959,"Comedy, Music, Romance",267348,1959-03-19,Billy Wilder
347,tt0052673,2018-05-11,2018-05-11,"For 1959
(Black-and-White) Nominee: [link=nm0372128]",Career,https://www.imdb.com/title/tt0052673/,movie,6.9,105,1959,Drama,665,1959-10-07,Joseph Anthony
348,tt0052738,2018-05-11,2018-05-11,"For 1959
(Black-and-White) Nominees: [link=nm0494406] and [link=nm0932683]",The Diary of Anne Frank,https://www.imdb.com/title/tt0052738/,movie,7.4,180,1959,"Biography, Drama, Family, History, War",12924,1959-03-18,George Stevens
349,tt0052837,2018-05-11,2018-05-11,"For 1959
(Black-and-White) Nominee: [link=nm0741423]",The Gazebo,https://www.imdb.com/title/tt0052837/,movie,6.8,100,1959,"Comedy, Thriller",1972,1959-12-18,George Marshall
350,tt0053462,2018-05-11,2018-05-11,"For 1959
(Black-and-White) Nominee: [link=nm0795251]",The Young Philadelphians,https://www.imdb.com/title/tt0053462/,movie,7.4,136,1959,Drama,3892,1959-05-19,Vincent Sherman
351,tt0052618,2018-05-11,2018-05-11,"For 1959
[b](Color) Won by [link=nm0353111][/b]",Ben-Hur,https://www.imdb.com/title/tt0052618/,movie,8.1,212,1959,"Adventure, Drama",239577,1959-11-18,William Wyler
352,tt0052619,2018-05-11,2018-05-11,"For 1959
(Color) Nominee: [link=nm0011790]",The Best of Everything,https://www.imdb.com/title/tt0052619/,movie,6.6,121,1959,"Drama, Romance",2116,1959-10-09,Jean Negulesco
353,tt0052627,2018-05-11,2018-05-11,"For 1959
(Color) Nominee: [link=nm0174800]",The Big Fisherman,https://www.imdb.com/title/tt0052627/,movie,5.4,180,1959,"Drama, History",416,1959-08-04,Frank Borzage
354,tt0052809,2018-05-11,2018-05-11,"For 1959
(Color) Nominee: [link=nm0372128]",The Five Pennies,https://www.imdb.com/title/tt0052809/,movie,7.1,117,1959,"Biography, Drama, Music",1987,1959-06-18,Melville Shavelson
355,tt0053182,2018-05-11,2018-05-11,"For 1959
(Color) Nominee: [link=nm0788695]",Porgy and Bess,https://www.imdb.com/title/tt0053182/,movie,7.0,138,1959,"Drama, Musical, Romance",1776,1959-06-24,"Otto Preminger, Rouben Mamoulian"
356,tt0051658,2018-05-11,2018-05-11,"For 1958
[b]Won by [link=nm0064100][/b]",Gigi,https://www.imdb.com/title/tt0051658/,movie,6.6,115,1958,"Comedy, Musical, Romance",23106,1958-05-15,"Charles Walters, Vincente Minnelli"
357,tt0051406,2018-05-11,2018-05-11,"For 1958
Nominee: [link=nm0521872]",Bell Book and Candle,https://www.imdb.com/title/tt0051406/,movie,6.8,106,1958,"Comedy, Fantasy, Romance",11488,1958-11-11,Richard Quine
358,tt0051436,2018-05-11,2018-05-11,"For 1958
Nominees: [link=nm0422286], [link=nm0372128], and [link=nm0421522]",The Buccaneer,https://www.imdb.com/title/tt0051436/,movie,6.4,119,1958,"Adventure, Drama, History, Romance, War",2571,1958-12-01,Anthony Quinn
359,tt0051466,2018-05-11,2018-05-11,"For 1958
Nominees: [link=nm0494406] and [link=nm0932683]",A Certain Smile,https://www.imdb.com/title/tt0051466/,movie,5.8,104,1958,Drama,314,1958-07-31,Jean Negulesco
360,tt0052218,2018-05-11,2018-05-11,"For 1958
Nominee: [link=nm0687703]",Some Came Running,https://www.imdb.com/title/tt0052218/,movie,7.3,137,1958,"Drama, Romance",6668,1958-12-18,Vincente Minnelli
361,tt0050631,2018-05-13,2018-05-13,"For 1957
[b]Won by [link=nm0650673][/b]",Les Girls,https://www.imdb.com/title/tt0050631/,movie,6.6,114,1957,"Comedy, Musical",2898,1957-10-03,George Cukor
362,tt0050105,2018-05-13,2018-05-13,"For 1957
Nominee: [link=nm0494406]",An Affair to Remember,https://www.imdb.com/title/tt0050105/,movie,7.4,115,1957,"Drama, Romance",30824,1957-07-11,Leo McCarey
363,tt0050419,2018-05-13,2018-05-13,"For 1957
Nominees: [link=nm0372128] and [link=nm0321436]",Funny Face,https://www.imdb.com/title/tt0050419/,movie,7.0,103,1957,"Comedy, Musical, Romance",30709,1957-02-13,Stanley Donen
364,tt0050815,2018-05-13,2018-05-13,"For 1957
Nominee: [link=nm0521872]",Pal Joey,https://www.imdb.com/title/tt0050815/,movie,6.6,111,1957,"Drama, Musical, Romance",5495,1957-10-25,George Sidney
365,tt0050882,2018-05-13,2018-05-13,"For 1957
Nominee: [link=nm0687703]",Raintree County,https://www.imdb.com/title/tt0050882/,movie,6.3,182,1957,"Drama, Romance, War, Western",3966,1957-10-04,Edward Dmytryk
366,tt0049777,2018-05-13,2018-05-13,"For 1956
[b](Black-and-White) Won by [link=nm0521872][/b]",The Solid Gold Cadillac,https://www.imdb.com/title/tt0049777/,movie,7.5,99,1956,"Comedy, Romance",1968,1956-08-22,Richard Quine
367,tt0049635,2018-05-13,2018-05-13,"For 1956
(Black-and-White) Nominee: [link=nm0741423]",The Power and the Prize,https://www.imdb.com/title/tt0049635/,movie,6.1,98,1956,Drama,396,1956-09-26,Henry Koster
368,tt0049640,2018-05-13,2018-05-13,"For 1956
(Black-and-White) Nominee: [link=nm0372128]",The Proud and Profane,https://www.imdb.com/title/tt0049640/,movie,6.1,111,1956,"Drama, War",509,1956-06-13,George Seaton
369,tt0047478,2018-05-13,2018-05-13,"For 1956
(Black-and-White) Nominee: [link=nm0264297]",Shichinin no samurai,https://www.imdb.com/title/tt0047478/,movie,8.6,207,1954,"Action, Drama",345249,1954-04-26,Akira Kurosawa
370,tt0049831,2018-05-13,2018-05-13,"For 1956
(Black-and-White) Nominees: [link=nm0494406] and [link=nm0932683]",Teenage Rebel,https://www.imdb.com/title/tt0049831/,movie,6.1,94,1956,Drama,370,1956-11-01,Edmund Goulding
371,tt0049408,2018-05-13,2018-05-13,"For 1956
[b](Color) Won by [link=nm0788695][/b]",The King and I,https://www.imdb.com/title/tt0049408/,movie,7.4,133,1956,"Biography, Drama, Musical, Romance",26368,1956-06-28,Walter Lang
372,tt0048960,2018-05-13,2018-05-13,"For 1956
(Color) Nominee: [link=nm0925240]",Around the World in 80 Days,https://www.imdb.com/title/tt0048960/,movie,6.7,167,1956,"Adventure, Comedy, Family, Romance",27796,1956-10-17,"John Farrow, Michael Anderson"
373,tt0049261,2018-05-13,2018-05-13,"For 1956
(Color) Nominees: [link=nm0531117] and [link=nm0078968]",Giant,https://www.imdb.com/title/tt0049261/,movie,7.6,201,1956,"Drama, Western",39468,1956-10-10,George Stevens
374,tt0049833,2018-05-13,2018-05-13,"For 1956
(Color) Nominees: [link=nm0372128], [link=nm0422286], [link=nm0421522], [link=nm0419820], and [link=nm0294729]",The Ten Commandments,https://www.imdb.com/title/tt0049833/,movie,7.9,220,1956,"Adventure, Drama, Family, History",71419,1956-10-05,Cecil B. DeMille
375,tt0049934,2018-05-13,2018-05-13,"For 1956
(Color) Nominee: [link=nm0210189]",War and Peace,https://www.imdb.com/title/tt0049934/,movie,6.7,208,1956,"Drama, Romance, War",10169,1956-08-21,King Vidor
376,tt0048191,2018-05-14,2018-05-14,"For 1955
[b](Black-and-White) Won by [link=nm0741423][/b]",I'll Cry Tomorrow,https://www.imdb.com/title/tt0048191/,movie,7.2,117,1955,"Biography, Drama, Music",2218,1955-11-18,Daniel Mann
377,tt0045030,2018-05-14,2018-05-14,"For 1955
(Black-and-White) Nominee: [link=nm0206067]",The Pickwick Papers,https://www.imdb.com/title/tt0045030/,movie,6.9,109,1952,"Comedy, Drama",561,1952-11-14,Noel Langley
378,tt0048527,2018-05-14,2018-05-14,"For 1955
(Black-and-White) Nominee: [link=nm0521872]",Queen Bee,https://www.imdb.com/title/tt0048527/,movie,6.7,95,1955,"Drama, Romance",2245,1955-11-07,Ranald MacDougall
379,tt0048563,2018-05-14,2018-05-14,"For 1955
(Black-and-White) Nominee: [link=nm0372128]",The Rose Tattoo,https://www.imdb.com/title/tt0048563/,movie,6.9,117,1955,"Comedy, Drama, Romance",4073,1955-12-12,Daniel Mann
380,tt0046478,2018-05-14,2018-05-14,"For 1955
(Black-and-White) Nominee: [link=nm0435082]",Ugetsu monogatari,https://www.imdb.com/title/tt0046478/,movie,8.2,96,1953,"Drama, Fantasy, War",23739,1953-03-26,Kenji Mizoguchi
381,tt0048316,2018-05-14,2018-05-14,"For 1955
[b](Color) Won by [link=nm0494406][/b]",Love Is a Many-Splendored Thing,https://www.imdb.com/title/tt0048316/,movie,6.4,102,1955,"Biography, Drama, Romance, War",5040,1955-08-18,"Otto Lang, Henry King"
382,tt0048140,2018-05-14,2018-05-14,"For 1955
(Color) Nominee: [link=nm0788695]",Guys and Dolls,https://www.imdb.com/title/tt0048140/,movie,7.1,150,1955,"Comedy, Crime, Musical, Romance",17927,1955-11-03,Joseph L. Mankiewicz
383,tt0048210,2018-05-14,2018-05-14,"For 1955
(Color) Nominee: [link=nm0741423]",Interrupted Melody,https://www.imdb.com/title/tt0048210/,movie,6.7,106,1955,"Biography, Drama, Music",1079,1955-04-20,Curtis Bernhardt
384,tt0048728,2018-05-14,2018-05-14,"For 1955
(Color) Nominee: [link=nm0372128]",To Catch a Thief,https://www.imdb.com/title/tt0048728/,movie,7.4,106,1955,"Mystery, Romance, Thriller",73768,1955-08-02,Alfred Hitchcock
385,tt0048791,2018-05-14,2018-05-14,"For 1955
(Color) Nominees: [link=nm0494406] and [link=nm0932683]",The Virgin Queen,https://www.imdb.com/title/tt0048791/,movie,6.7,92,1955,"Biography, Drama, History, Romance",2859,1955-07-22,Henry Koster
386,tt0047437,2018-05-14,2018-05-14,"For 1954
[b](Black-and-White) Won by [link=nm0372128][/b]",Sabrina,https://www.imdb.com/title/tt0047437/,movie,7.6,113,1954,"Comedy, Drama, Romance",65594,1954-09-03,Billy Wilder
387,tt0046022,2018-05-14,2018-05-14,"For 1954
(Black-and-White) Nominees: [link=nm0030333] and [link=nm0216212]",Madame de...,https://www.imdb.com/title/tt0046022/,movie,7.9,105,1953,"Drama, Romance",10092,1953-09-16,Max Ophüls
388,tt0046963,2018-05-14,2018-05-14,"For 1954
(Black-and-White) Nominee: [link=nm0741423]",Executive Suite,https://www.imdb.com/title/tt0046963/,movie,7.4,104,1954,Drama,4199,1954-02-17,Robert Wise
389,tt0046366,2018-05-14,2018-05-14,"For 1954
(Black-and-White) Nominee: [link=nm0228039]",Stazione Termini,https://www.imdb.com/title/tt0046366/,movie,6.2,90,1953,"Drama, Romance",2918,1953-04-02,Vittorio De Sica
390,tt0047123,2018-05-14,2018-05-14,"For 1954
(Black-and-White) Nominee: [link=nm0521872]",It Should Happen to You,https://www.imdb.com/title/tt0047123/,movie,7.2,86,1954,"Comedy, Romance",4083,1954-01-15,George Cukor
391,tt0045935,2018-05-14,2018-05-14,"For 1954
[b](Color) Won by [link=nm0905272][/b]",Jigokumon,https://www.imdb.com/title/tt0045935/,movie,7.2,89,1953,"Drama, History",3883,1953-10-31,Teinosuke Kinugasa
392,tt0046807,2018-05-14,2018-05-14,"For 1954
(Color) Nominee: [link=nm0788695]",Brigadoon,https://www.imdb.com/title/tt0046807/,movie,6.8,108,1954,"Fantasy, Musical, Romance",8640,1954-09-08,Vincente Minnelli
393,tt0046903,2018-05-14,2018-05-14,"For 1954
(Color) Nominees: [link=nm0494406] and [link=nm0399484]",Désirée,https://www.imdb.com/title/tt0046903/,movie,6.3,110,1954,"Biography, Drama, History, Romance",3069,1954-11-16,Henry Koster
394,tt0047522,2018-05-14,2018-05-14,"For 1954
(Color) Nominees: [link=nm0521872], [link=nm0638501], and [link=nm0788695]",A Star Is Born,https://www.imdb.com/title/tt0047522/,movie,7.5,154,1954,"Drama, Musical, Romance",18372,1954-09-29,George Cukor
395,tt0047574,2018-05-14,2018-05-14,"For 1954
(Color) Nominees: [link=nm0494406], [link=nm0871359], and [link=nm0925240]",There's No Business Like Show Business,https://www.imdb.com/title/tt0047574/,movie,6.4,117,1954,"Comedy, Drama, Musical, Romance",6215,1954-12-16,Walter Lang
396,tt0046250,2018-07-17,2018-07-17,"For 1953
[b](Black-and-White) Won by [link=nm0372128][/b]",Roman Holiday,https://www.imdb.com/title/tt0046250/,movie,8.0,118,1953,"Comedy, Romance",139003,1953-08-20,William Wyler
397,tt0045471,2018-07-17,2018-07-17,"For 1953
(Black-and-White) Nominee: [link=nm00687703]",The Actress,https://www.imdb.com/title/tt0045471/,movie,6.4,90,1953,"Biography, Comedy, Drama",1356,1953-09-25,George Cukor
398,tt0045706,2018-07-17,2018-07-17,"For 1953
(Black-and-White) Nominees: [link=nm0741423] and [link=nm0380855]",Dream Wife,https://www.imdb.com/title/tt0045706/,movie,5.9,100,1953,"Comedy, Romance",2010,1953-05-29,Sidney Sheldon
399,tt0045793,2018-07-17,2018-07-17,"For 1953
(Black-and-White) Nominee: [link=nm0521872]",From Here to Eternity,https://www.imdb.com/title/tt0045793/,movie,7.6,118,1953,"Drama, Romance, War",47422,1953-08-05,Fred Zinnemann
400,tt0046204,2018-07-17,2018-07-17,"For 1953
(Black-and-White) Nominees: [link=nm0494406] and [link=nm0174800]",The President's Lady,https://www.imdb.com/title/tt0046204/,movie,6.8,96,1953,"Biography, Drama",895,1953-05-21,Henry Levin
401,tt0046247,2018-07-17,2018-07-17,"For 1953
[b](Color) Won by [link=nm0494406] and [link=nm0763576][/b]",The Robe,https://www.imdb.com/title/tt0046247/,movie,6.7,135,1953,Drama,10627,1953-09-16,Henry Koster
402,tt0045537,2018-07-17,2018-09-08,"For 1953
(Color) Nominee: [link=nm0638501]",The Band Wagon,https://www.imdb.com/title/tt0045537/,movie,7.4,112,1953,"Comedy, Musical, Romance",11598,1953-07-09,Vincente Minnelli
403,tt0045592,2018-07-17,2018-09-08,"For 1953
(Color) Nominee: [link=nm0788695]",Call Me Madam,https://www.imdb.com/title/tt0045592/,movie,6.8,114,1953,"Comedy, Musical, Romance",1363,1953-03-04,Walter Lang
404,tt0045891,2018-07-17,2018-09-08,"For 1953
(Color) Nominees: [link=nm0494406] and [link=nm0871359]",How to Marry a Millionaire,https://www.imdb.com/title/tt0045891/,movie,6.8,95,1953,"Comedy, Drama, Romance",23007,1953-11-04,Jean Negulesco
405,tt0046564,2018-07-17,2018-09-08,"For 1953
(Color) Nominee: [link=nm0687703]",Young Bess,https://www.imdb.com/title/tt0046564/,movie,6.6,112,1953,"Biography, Drama, Romance",1605,1953-05-21,George Sidney
406,tt0044391,2018-09-08,2018-09-08,"For 1952
[b](Black-and-White) Won by [link=nm0741423][/b]",The Bad and the Beautiful,https://www.imdb.com/title/tt0044391/,movie,7.8,118,1952,"Drama, Romance",15179,1952-12-25,Vincente Minnelli
407,tt0044331,2018-09-08,2018-09-08,"For 1952
(Black-and-White) Nominee: [link=nm0521872]",Affair in Trinidad,https://www.imdb.com/title/tt0044331/,movie,6.6,98,1952,"Crime, Drama, Film-Noir, Mystery, Thriller",2668,1952-07-29,Vincent Sherman
408,tt0044486,2018-09-08,2018-09-08,"For 1952
(Black-and-White) Nominee: [link=nm0372128]",Carrie,https://www.imdb.com/title/tt0044486/,movie,7.3,118,1952,"Drama, Romance",2488,1952-07-04,William Wyler
409,tt0044937,2018-09-08,2018-09-08,"For 1952
(Black-and-White) Nominees: [link=nm0494406] and [link=nm0419820]",My Cousin Rachel,https://www.imdb.com/title/tt0044937/,movie,7.1,98,1952,"Drama, Mystery, Romance",3013,1952-12-25,Henry Koster
410,tt0045205,2018-09-08,2018-09-08,"For 1952
(Black-and-White) Nominee: [link=nm0639816]",Sudden Fear,https://www.imdb.com/title/tt0045205/,movie,7.5,110,1952,"Film-Noir, Thriller",6487,1952-08-07,David Miller
411,tt0044926,2018-09-08,2018-09-08,"For 1952
[b](Color) Won by [link=nm0895057][/b]",Moulin Rouge,https://www.imdb.com/title/tt0044926/,movie,7.0,119,1952,"Biography, Drama, Music, Romance",5733,1952-12-23,John Huston
412,tt0044672,2018-09-08,2018-09-08,"For 1952
(Color) Nominees: [link=nm0372128], [link=nm0419820], and [link=nm0925240]",The Greatest Show on Earth,https://www.imdb.com/title/tt0044672/,movie,6.6,152,1952,"Drama, Family, Romance",14776,1952-01-10,Cecil B. DeMille
413,tt0044685,2018-09-08,2018-09-08,"For 1952
(Color) Nominees: [link=nm0165385], [link=nm0932683], and [link=nm0439362]",Hans Christian Andersen,https://www.imdb.com/title/tt0044685/,movie,6.8,112,1952,"Biography, Family, Musical, Romance",3929,1952-11-25,Charles Vidor
414,tt0044900,2018-09-08,2018-09-08,"For 1952
(Color) Nominees: [link=nm0741423] and [link=nm0824554]",The Merry Widow,https://www.imdb.com/title/tt0044900/,movie,5.7,105,1952,Musical,634,1952-09-05,Curtis Bernhardt
415,tt0045333,2018-09-08,2018-09-08,"For 1952
(Color) Nominee: [link=nm0494406]",With a Song in My Heart,https://www.imdb.com/title/tt0045333/,movie,6.8,117,1952,"Biography, Drama, Musical",1395,1952-04-04,Walter Lang
416,tt0043924,2018-09-09,2018-09-09,"For 1951
[b](Black-and-White) Won by [link=nm0372128][/b]",A Place in the Sun,https://www.imdb.com/title/tt0043924/,movie,7.7,122,1951,"Drama, Romance",22940,1951-04-05,George Stevens
417,tt0043709,2018-09-09,2018-09-09,"For 1951
(Black-and-White) Nominees: [link=nm0687703] and [link=nm0824554]",Kind Lady,https://www.imdb.com/title/tt0043709/,movie,7.0,78,1951,"Crime, Drama, Film-Noir, Thriller",1011,1951-06-20,John Sturges
418,tt0043813,2018-09-09,2018-09-09,"For 1951
(Black-and-White) Nominees: [link=nm0494406] and [link=nm0174800]",The Model and the Marriage Broker,https://www.imdb.com/title/tt0043813/,movie,7.0,103,1951,"Comedy, Romance",763,1951-11-30,George Cukor
419,tt0042757,2018-09-09,2018-09-09,"For 1951
(Black-and-White) Nominees: [link=nm0828926] and [link=nm0299094]",The Mudlark,https://www.imdb.com/title/tt0042757/,movie,6.9,99,1950,Drama,876,1950-10-30,Jean Negulesco
420,tt0044081,2018-09-09,2018-09-09,"For 1951
(Black-and-White) Nominee: [link=nm0050646]",A Streetcar Named Desire,https://www.imdb.com/title/tt0044081/,movie,7.9,122,1951,Drama,108778,1951-09-09,Elia Kazan
421,tt0043278,2018-09-09,2018-09-09,"For 1951
[b](Color) Won by [link=nm0650673], [link=nm0687703], and [link=nm0788695][/b]",An American in Paris,https://www.imdb.com/title/tt0043278/,movie,7.2,114,1951,"Drama, Musical, Romance",34201,1951-08-26,Vincente Minnelli
422,tt0043455,2018-09-09,2018-09-09,"For 1951
(Color) Nominees: [link=nm0494406] and [link=nm0828926]",David and Bathsheba,https://www.imdb.com/title/tt0043455/,movie,6.1,116,1951,"Drama, Family, History, Romance",2398,1951-08-10,Henry King
423,tt0043599,2018-09-09,2018-09-09,"For 1951
(Color) Nominees: [link=nm0741423] and [link=nm0824554]",The Great Caruso,https://www.imdb.com/title/tt0043599/,movie,6.5,109,1951,"Biography, Drama, Music",1365,1951-05-10,Richard Thorpe
424,tt0043949,2018-09-09,2018-09-09,"For 1951
(Color) Nominee: [link=nm0380855]",Quo Vadis,https://www.imdb.com/title/tt0043949/,movie,7.1,171,1951,"Biography, Drama, History, Romance",15344,1951-11-08,"Mervyn LeRoy, Anthony Mann"
425,tt0044103,2018-09-09,2018-09-09,"For 1951
(Color) Nominee: [link=nm0373081]",The Tales of Hoffmann,https://www.imdb.com/title/tt0044103/,movie,7.2,133,1951,"Fantasy, Music, Musical, Romance",3483,1951-04-01,"Michael Powell, Emeric Pressburger"
426,tt0042192,2018-12-02,2018-12-02,"For 1950
[b](Black-and-White) Won by [link=nm0372128] and [link=nm0494406][/b]",All About Eve,https://www.imdb.com/title/tt0042192/,movie,8.2,138,1950,Drama,131723,1950-10-13,Joseph L. Mankiewicz
427,tt0042276,2018-12-02,2018-12-02,"For 1950
(Black-and-White) Nominee: [link=nm0521872]",Born Yesterday,https://www.imdb.com/title/tt0042276/,movie,7.5,103,1950,"Comedy, Drama, Romance",11498,1950-12-25,George Cukor
428,tt0042702,2018-12-02,2018-12-02,"For 1950
(Black-and-White) Nominee: [link=nm0687703]",The Magnificent Yankee,https://www.imdb.com/title/tt0042702/,movie,6.8,89,1950,"Biography, Drama",610,1950-12-20,John Sturges
429,tt0041838,2018-12-02,2018-12-02,"For 1950
[b](Color) Won by [link=nm0372128], [link=nm0419820], [link=nm0421784], [link=nm0824554], and [link=nm0906835][/b]",Samson and Delilah,https://www.imdb.com/title/tt0041838/,movie,6.8,134,1949,"Drama, Family, History, Romance",8134,1949-12-21,Cecil B. DeMille
430,tt0042256,2018-12-02,2018-12-02,"For 1950
(Color) Nominee: [link=nm0926451]",The Black Rose,https://www.imdb.com/title/tt0042256/,movie,6.2,120,1950,"Adventure, History, Romance, War",2226,1950-09-01,Henry Hathaway
431,tt0041955,2018-12-02,2018-12-02,"For 1950
(Color) Nominee: [link=nm0687703] and [link=nm0885049]",That Forsyte Woman,https://www.imdb.com/title/tt0041955/,movie,6.6,113,1949,"Drama, Romance",1382,1949-11-03,Compton Bennett
432,tt0041452,2018-12-02,2018-12-02,"For 1949
[b](Black-and-White) Won by [link=nm0372128] and [link=nm0824554][/b]",The Heiress,https://www.imdb.com/title/tt0041452/,movie,8.1,115,1949,"Drama, Romance",16019,1949-10-06,William Wyler
433,tt0041767,2018-12-02,2018-12-02,"For 1949
(Black-and-White) Nominee: [link=nm0636973]",Prince of Foxes,https://www.imdb.com/title/tt0041767/,movie,6.9,107,1949,"Adventure, Drama, History, Romance",1791,1949-11-08,Henry King
434,tt0040076,2018-12-02,2018-12-02,"For 1949
[b](Color) Won by [link=nm0722479], [link=nm0871359], and [link=nm0078968][/b]",Adventures of Don Juan,https://www.imdb.com/title/tt0040076/,movie,7.0,110,1948,"Action, Adventure, Romance",3208,1948-12-01,Vincent Sherman
435,tt0041659,2018-12-02,2018-12-02,"For 1949
(Color) Nominee: [link=nm0625513]",Mother Is a Freshman,https://www.imdb.com/title/tt0041659/,movie,6.3,81,1949,"Comedy, Romance",425,1949-03-12,Lloyd Bacon
436,tt0040416,2018-12-02,2018-12-02,"For 1948
[b](Black-and-White) Won by [link=nm0299097][/b]",Hamlet,https://www.imdb.com/title/tt0040416/,movie,7.6,154,1948,Drama,17155,1948-05-06,Laurence Olivier
437,tt0040141,2018-12-02,2018-12-02,"For 1948
(Black-and-White) Nominee: [link=nm0409898]",B.F.'s Daughter,https://www.imdb.com/title/tt0040141/,movie,6.1,108,1948,"Drama, Romance",761,1948-03-24,Robert Z. Leonard
438,tt0040491,2018-12-02,2018-12-02,"For 1948
[b](Color) Won by [link=nm0419820] and [link=nm0439362][/b]",Joan of Arc,https://www.imdb.com/title/tt0040491/,movie,6.4,145,1948,"Biography, Drama, War",3446,1948-11-11,Victor Fleming
439,tt0040317,2018-12-02,2018-12-02,"For 1948
(Color) Nominee: [link=nm0372128] and [link=nm0824554]",The Emperor Waltz,https://www.imdb.com/title/tt0040317/,movie,6.1,106,1948,"Comedy, Musical, Romance",1754,1948-04-30,Billy Wilder
